axiom_pattern;axiom;template;question;question_type;op_category;ontology;file;question_type_short;op_category_short;row_id
[X] SubclassOf([Y]);Grass SubclassOf(Plant);What is [X]?;What is grass?;Definition;OP_DEFINITION;AWO;Definition.csv;def;definition;8
[X] SubclassOf([Y]);Impala SubclassOf(TerrestrialAnimal);What is [X]?;What is an impala?;Definition;OP_DEFINITION;AWO;Definition.csv;def;definition;37
[X] SubclassOf([Y]);Camelopard SubclassOf(Animal);What is [X]?;What is a camelopard?;Definition;OP_DEFINITION;AWO;Definition.csv;def;definition;40
[X] EquivalentTo([A]);Gras EquivalentTo(Grass);What is [X]?;What is a gras?;Definition;OP_DEFINITION;AWO;Definition.csv;def;definition;56
[X] SubclassOf([Y]);Warthog SubclassOf(Animal);What is [X]?;What is a warthog?;Definition;OP_DEFINITION;AWO;Definition.csv;def;definition;23
[X] EquivalentTo([A]);BumbleBee EquivalentTo(HumbleBee);What is [X]?;What is a bumble bee?;Definition;OP_DEFINITION;AWO;Definition.csv;def;definition;53
[X] SubclassOf([Y]);Gras SubclassOf(Plant);What is [X]?;What is a gras?;Definition;OP_DEFINITION;AWO;Definition.csv;def;definition;9
[X] SubclassOf([Y]);Phloem SubclassOf(PlantParts);What is [X]?;What is phloem?;Definition;OP_DEFINITION;AWO;Definition.csv;def;definition;43
[X] EquivalentTo([A]);Loop EquivalentTo(Walk);What is [X]?;What is being a loop?;Definition;OP_DEFINITION;AWO;Definition.csv;def;definition;68
[X] SubclassOf([Y]);BumbleBee SubclassOf(Insect);What is [X]?;What is a bumble bee?;Definition;OP_DEFINITION;AWO;Definition.csv;def;definition;1
[X] SubclassOf([prop] some [Y]);Tasty-plant SubclassOf(eaten-by some Carnivore);What is [X] is [prop/*OP_IS_PAST_PARTICIPLE_BY]?;What is a tasty plant is eaten by?;op_What-1-part-1-rel;OP_IS_PAST_PARTICIPLE_BY;AWO;What-1-part-1-rel.csv;w1p1r;is_pp_b;142
[X] SubclassOf([prop] only [Y]);Camelopard SubclassOf(Live-on only Habitat);What does [X] [prop/*OP_VERB_PREP-infinitive]?;What does a camelopard live on?;op_What-1-part-1-rel;OP_VERB_PREP;AWO;What-1-part-1-rel.csv;w1p1r;verb_prep;162
[X] SubclassOf([prop] some [Y]);Elephant SubclassOf(Participate-In some Loop);What does [X] [prop/*OP_VERB_PREP-infinitive]?;What does an elephant participate in?;op_What-1-part-1-rel;OP_VERB_PREP;AWO;What-1-part-1-rel.csv;w1p1r;verb_prep;100
[X] SubclassOf([prop] only [Y]);Elephant SubclassOf(Live-on only Land);What does [X] [prop/*OP_VERB_PREP-infinitive]?;What does an elephant live on?;op_What-1-part-1-rel;OP_VERB_PREP;AWO;What-1-part-1-rel.csv;w1p1r;verb_prep;157
[X] SubclassOf([prop] some [Y]);Phloem SubclassOf(proper-part-of some PlantParts);What is [X] [prop/*OP_IS_NOUNS_PREP]?;What is phloem proper part of?;op_What-1-part-1-rel;OP_IS_NOUNS_PREP;AWO;What-1-part-1-rel.csv;w1p1r;is_noun_prep;137
[X] SubclassOf([prop] only [Y]);Impala SubclassOf(Live-on only Land);What does [X] [prop/*OP_VERB_PREP-infinitive]?;What does an impala live on?;op_What-1-part-1-rel;OP_VERB_PREP;AWO;What-1-part-1-rel.csv;w1p1r;verb_prep;159
[X] SubclassOf([prop] some [Y]);Xylem SubclassOf(proper-part-of some Plant);What is [X] [prop/*OP_IS_NOUNS_PREP]?;What is xylem proper part of?;op_What-1-part-1-rel;OP_IS_NOUNS_PREP;AWO;What-1-part-1-rel.csv;w1p1r;is_noun_prep;110
[X] SubclassOf([prop] only [Y]);King-of-beasts SubclassOf(Live-on only Habitat);What does [X] [prop/*OP_VERB_PREP-infinitive]?;What does a king of beasts live on?;op_What-1-part-1-rel;OP_VERB_PREP;AWO;What-1-part-1-rel.csv;w1p1r;verb_prep;168
[X] SubclassOf([prop] only [Y]);Warthog SubclassOf(Live-on only Land);What does [X] [prop/*OP_VERB_PREP-infinitive]?;What does a warthog live on?;op_What-1-part-1-rel;OP_VERB_PREP;AWO;What-1-part-1-rel.csv;w1p1r;verb_prep;153
[X] SubclassOf([prop] some [Y]);Warthog SubclassOf(eats some Gras);What does [X] [prop/*OP_VERB-infinitive]?;What does a warthog eat?;op_What-1-part-1-rel;OP_VERB;AWO;What-1-part-1-rel.csv;w1p1r;verb;71
[Z] SubclassOf([X]),[Z] SubclassOf([prop] some [Y]);King-of-beasts SubclassOf(eats some Herbivore),King-of-beasts SubclassOf(Carnivore);Which [X/noArticle] [prop/*OP_VERB-third] [Y]?;Which carnivore eats a herbivore?;op_What-2-part-1-rel;OP_VERB;AWO;What-2-part-1-rel.csv;w2p1r;verb;212
[Z] SubclassOf([X]),[Z] SubclassOf([prop] only [Y]);Warthog SubclassOf(Live-on only Habitat),Warthog SubclassOf(Animal);Which [X/noArticle] [prop/*OP_VERB_PREP-third] [Y]?;Which animal lives on a habitat?;op_What-2-part-1-rel;OP_VERB_PREP;AWO;What-2-part-1-rel.csv;w2p1r;verb_prep;328
[Z] SubclassOf([X]),[Z] SubclassOf([prop] only [Y]);Impala SubclassOf(Live-on only Habitat),Impala SubclassOf(Animal);Which [X/noArticle] [prop/*OP_VERB_PREP-third] [Y]?;Which animal lives on a habitat?;op_What-2-part-1-rel;OP_VERB_PREP;AWO;What-2-part-1-rel.csv;w2p1r;verb_prep;340
[Z] SubclassOf([X]),[Z] SubclassOf([prop] some [Y]);Warthog SubclassOf(eats some FruitingBody),Warthog SubclassOf(Animal);Which [X/noArticle] [prop/*OP_VERB-third] [Y]?;Which animal eats a fruiting body?;op_What-2-part-1-rel;OP_VERB;AWO;What-2-part-1-rel.csv;w2p1r;verb;189
[Z] SubclassOf([X]),[Z] SubclassOf([prop] only [Y]);King-of-beasts SubclassOf(Live-on only Habitat),King-of-beasts SubclassOf(Carnivore);Which [X/noArticle] [prop/*OP_VERB_PREP-third] [Y]?;Which carnivore lives on a habitat?;op_What-2-part-1-rel;OP_VERB_PREP;AWO;What-2-part-1-rel.csv;w2p1r;verb_prep;358
[Z] SubclassOf([X]),[Z] SubclassOf([prop] some [Y]);BumbleBee SubclassOf(Participate-In some Hole-up),BumbleBee SubclassOf(Animal);Which [X/noArticle] [prop/*OP_VERB_PREP-third] [Y]?;Which animal participates in holing up?;op_What-2-part-1-rel;OP_VERB_PREP;AWO;What-2-part-1-rel.csv;w2p1r;verb_prep;223
[Z] SubclassOf([X]),[Z] SubclassOf([prop] some [Y]);Warthog SubclassOf(eats some Grass),Warthog SubclassOf(Omnivore);Which [X/noArticle] [prop/*OP_VERB-third] [Y]?;Which omnivore eats grass?;op_What-2-part-1-rel;OP_VERB;AWO;What-2-part-1-rel.csv;w2p1r;verb;177
[Z] SubclassOf([X]),[Z] SubclassOf([prop] some [Y]);Warthog SubclassOf(Participate-In some Walk),Warthog SubclassOf(Animal);Which [X/noArticle] [prop/*OP_VERB_PREP-third] [Y]?;Which animal participates in walking?;op_What-2-part-1-rel;OP_VERB_PREP;AWO;What-2-part-1-rel.csv;w2p1r;verb_prep;241
[Z] SubclassOf([X]),[Z] SubclassOf([prop] some [Y]);Phloem SubclassOf(part-of some PlantParts),Phloem SubclassOf(PlantParts);Which [X/noArticle] is [prop/*OP_IS_NOUNS_PREP] [Y]?;Which plant parts is part of a plant parts?;op_What-2-part-1-rel;OP_IS_NOUNS_PREP;AWO;What-2-part-1-rel.csv;w2p1r;is_noun_prep;298
[Z] SubclassOf([X]),[Z] SubclassOf([prop] some [Y]);Apple SubclassOf(part-of some Plant),Apple SubclassOf(PlantParts);Which [X/noArticle] is [prop/*OP_IS_NOUNS_PREP] [Y]?;Which plant parts is part of a plant?;op_What-2-part-1-rel;OP_IS_NOUNS_PREP;AWO;What-2-part-1-rel.csv;w2p1r;is_noun_prep;278
[Z] SubclassOf([X]),[Z] SubclassOf([prop] only [Y]);Lion SubclassOf(eats only Animal),Lion SubclassOf(TerrestrialAnimal);Which [X/noArticle] [prop/*OP_VERB-third] only [Y]?;Which terrestrial animal eats only an animal?;op_What-2-part-1-rel-quant-only;OP_VERB;AWO;What-2-part-1-rel-quant-only.csv;w2p1r_qo;verb;365
[Z] SubclassOf([X]),[Z] SubclassOf([prop] only [Y]);Impala SubclassOf(Live-on only Land),Impala SubclassOf(TerrestrialAnimal);Which [X/noArticle] [prop/*OP_VERB_PREP-third] only [Y]?;Which terrestrial animal lives on only land?;op_What-2-part-1-rel-quant-only;OP_VERB_PREP;AWO;What-2-part-1-rel-quant-only.csv;w2p1r_qo;verb_prep;395
[Z] SubclassOf([X]),[Z] SubclassOf([prop] only [Y]);Camelopard SubclassOf(Live-on only Land),Camelopard SubclassOf(Animal);Which [X/noArticle] [prop/*OP_VERB_PREP-third] only [Y]?;Which animal lives on only land?;op_What-2-part-1-rel-quant-only;OP_VERB_PREP;AWO;What-2-part-1-rel-quant-only.csv;w2p1r_qo;verb_prep;401
[Z] SubclassOf([X]),[Z] SubclassOf([prop] only [Y]);Giraffe SubclassOf(Live-on only Habitat),Giraffe SubclassOf(Animal);Which [X/noArticle] [prop/*OP_VERB_PREP-third] only [Y]?;Which animal lives on only a habitat?;op_What-2-part-1-rel-quant-only;OP_VERB_PREP;AWO;What-2-part-1-rel-quant-only.csv;w2p1r_qo;verb_prep;406
[Z] SubclassOf([X]),[Z] SubclassOf([prop] only [Y]);King-of-beasts SubclassOf(eats only Herbivore),King-of-beasts SubclassOf(TerrestrialAnimal);Which [X/noArticle] [prop/*OP_VERB-third] only [Y]?;Which terrestrial animal eats only a herbivore?;op_What-2-part-1-rel-quant-only;OP_VERB;AWO;What-2-part-1-rel-quant-only.csv;w2p1r_qo;verb;372
[Z] SubclassOf([X]),[Z] SubclassOf([prop] only [Y]);King-of-beasts SubclassOf(Live-on only Land),King-of-beasts SubclassOf(Carnivore);Which [X/noArticle] [prop/*OP_VERB_PREP-third] only [Y]?;Which carnivore lives on only land?;op_What-2-part-1-rel-quant-only;OP_VERB_PREP;AWO;What-2-part-1-rel-quant-only.csv;w2p1r_qo;verb_prep;415
[Z] SubclassOf([X]),[Z] SubclassOf([prop] only [Y]);King-of-beasts SubclassOf(Live-on only Habitat),King-of-beasts SubclassOf(Animal);Which [X/noArticle] [prop/*OP_VERB_PREP-third] only [Y]?;Which animal lives on only a habitat?;op_What-2-part-1-rel-quant-only;OP_VERB_PREP;AWO;What-2-part-1-rel-quant-only.csv;w2p1r_qo;verb_prep;418
[Z] SubclassOf([X]),[Z] SubclassOf([prop] only [Y]);King-of-beasts SubclassOf(eats only Herbivore),King-of-beasts SubclassOf(Carnivore);Which [X/noArticle] [prop/*OP_VERB-third] only [Y]?;Which carnivore eats only a herbivore?;op_What-2-part-1-rel-quant-only;OP_VERB;AWO;What-2-part-1-rel-quant-only.csv;w2p1r_qo;verb;374
[Z] SubclassOf([X]),[Z] SubclassOf([prop] only [Y]);Elephant SubclassOf(Live-on only Habitat),Elephant SubclassOf(TerrestrialAnimal);Which [X/noArticle] [prop/*OP_VERB_PREP-third] only [Y]?;Which terrestrial animal lives on only a habitat?;op_What-2-part-1-rel-quant-only;OP_VERB_PREP;AWO;What-2-part-1-rel-quant-only.csv;w2p1r_qo;verb_prep;390
[Z] SubclassOf([X]),[Z] SubclassOf([prop] only [Y]);Camelopard SubclassOf(Live-on only Land),Camelopard SubclassOf(TerrestrialAnimal);Which [X/noArticle] [prop/*OP_VERB_PREP-third] only [Y]?;Which terrestrial animal lives on only land?;op_What-2-part-1-rel-quant-only;OP_VERB_PREP;AWO;What-2-part-1-rel-quant-only.csv;w2p1r_qo;verb_prep;399
[Z] SubclassOf([X]),[Z] SubclassOf([prop] some [Y]);RockDassie SubclassOf(Participate-In some Loop),RockDassie SubclassOf(TerrestrialAnimal);Which [X/noArticle] [prop/*OP_VERB_PREP-third] some [Y]?;Which terrestrial animal participates in some being a loop?;op_What-2-part-1-rel-quant-some;OP_VERB_PREP;AWO;What-2-part-1-rel-quant-some.csv;w2p1r_qs;verb_prep;484
[Z] SubclassOf([X]),[Z] SubclassOf([prop] some [Y]);Warthog SubclassOf(eats some Grass),Warthog SubclassOf(TerrestrialAnimal);Which [X/noArticle] [prop/*OP_VERB-third] some [Y]?;Which terrestrial animal eats some grass?;op_What-2-part-1-rel-quant-some;OP_VERB;AWO;What-2-part-1-rel-quant-some.csv;w2p1r_qs;verb;420
[Z] SubclassOf([X]),[Z] SubclassOf([prop] some [Y]);HumbleBee SubclassOf(Participate-In some Aviate),HumbleBee SubclassOf(Insect);Which [X/noArticle] [prop/*OP_VERB_PREP-third] some [Y]?;Which insect participates in aviating?;op_What-2-part-1-rel-quant-some;OP_VERB_PREP;AWO;What-2-part-1-rel-quant-some.csv;w2p1r_qs;verb_prep;476
[Z] SubclassOf([X]),[Z] SubclassOf([prop] some [Y]);Leaf SubclassOf(part-of some Plant),Leaf SubclassOf(PlantParts);Which [X/noArticle] is [prop/*OP_IS_NOUNS_PREP] some [Y]?;Which plant parts is part of some plant?;op_What-2-part-1-rel-quant-some;OP_IS_NOUNS_PREP;AWO;What-2-part-1-rel-quant-some.csv;w2p1r_qs;is_noun_prep;522
[Z] SubclassOf([X]),[Z] SubclassOf([prop] some [Y]);Warthog SubclassOf(Participate-In some Loop),Warthog SubclassOf(TerrestrialAnimal);Which [X/noArticle] [prop/*OP_VERB_PREP-third] some [Y]?;Which terrestrial animal participates in some being a loop?;op_What-2-part-1-rel-quant-some;OP_VERB_PREP;AWO;What-2-part-1-rel-quant-some.csv;w2p1r_qs;verb_prep;488
[Z] SubclassOf([X]),[Z] SubclassOf([prop] some [Y]);BumbleBee SubclassOf(Participate-In some Hole-up),BumbleBee SubclassOf(Animal);Which [X/noArticle] [prop/*OP_VERB_PREP-third] some [Y]?;Which animal participates in holing up?;op_What-2-part-1-rel-quant-some;OP_VERB_PREP;AWO;What-2-part-1-rel-quant-some.csv;w2p1r_qs;verb_prep;473
[Z] SubclassOf([X]),[Z] SubclassOf([prop] some [Y]);Impala SubclassOf(Participate-In some Loop),Impala SubclassOf(Animal);Which [X/noArticle] [prop/*OP_VERB_PREP-third] some [Y]?;Which animal participates in some being a loop?;op_What-2-part-1-rel-quant-some;OP_VERB_PREP;AWO;What-2-part-1-rel-quant-some.csv;w2p1r_qs;verb_prep;502
[Z] SubclassOf([X]),[Z] SubclassOf([prop] some [Y]);Xylem SubclassOf(proper-part-of some PlantParts),Xylem SubclassOf(PlantParts);Which [X/noArticle] is [prop/*OP_IS_NOUNS_PREP] some [Y]?;Which plant parts is proper part of some plant parts?;op_What-2-part-1-rel-quant-some;OP_IS_NOUNS_PREP;AWO;What-2-part-1-rel-quant-some.csv;w2p1r_qs;is_noun_prep;513
[Z] SubclassOf([X]),[Z] SubclassOf([prop] some [Y]);HumbleBee SubclassOf(Participate-In some Fly),HumbleBee SubclassOf(Insect);Which [X/noArticle] [prop/*OP_VERB_PREP-third] some [Y]?;Which insect participates in flying?;op_What-2-part-1-rel-quant-some;OP_VERB_PREP;AWO;What-2-part-1-rel-quant-some.csv;w2p1r_qs;verb_prep;475
[Z] SubclassOf([X]),[Z] SubclassOf([prop] some [Y]);Lion SubclassOf(eats some Herbivore),Lion SubclassOf(Carnivore);Which [X/noArticle] [prop/*OP_VERB-third] some [Y]?;Which carnivore eats some herbivore?;op_What-2-part-1-rel-quant-some;OP_VERB;AWO;What-2-part-1-rel-quant-some.csv;w2p1r_qs;verb;450
[X] SubclassOf([prop] some [Y]);PlantParts SubclassOf(part-of some Plant);True or false: [X] is [prop/*OP_IS_NOUNS_PREP] [Y].;True or false: A plant parts is part of a plant.;op_Yes-No-2-part-1-rel;OP_IS_NOUNS_PREP;AWO;Yes-No-2-part-1-rel.csv;yn2p1r;is_noun_prep;747
[X] SubclassOf([prop] only [Y]);King-of-beasts SubclassOf(eats only Animal);Does [X] [prop/*OP_VERB-infinitive] [Y]?;Does a king of beasts eat an animal?;op_Yes-No-2-part-1-rel;OP_VERB;AWO;Yes-No-2-part-1-rel.csv;yn2p1r;verb;785
[X] SubclassOf([prop] some [Y]);Leaf SubclassOf(proper-part-of some Plant);Is [X] [prop/*OP_IS_NOUNS_PREP] [Y]?;Is a leaf proper part of a plant?;op_Yes-No-2-part-1-rel;OP_IS_NOUNS_PREP;AWO;Yes-No-2-part-1-rel.csv;yn2p1r;is_noun_prep;678
[X] SubclassOf([prop] some [Y]);HumbleBee SubclassOf(Participate-In some Fly);Does [X] [prop/*OP_VERB_PREP-infinitive] [Y]?;Does a humble bee participate in flying?;op_Yes-No-2-part-1-rel;OP_VERB_PREP;AWO;Yes-No-2-part-1-rel.csv;yn2p1r;verb_prep;611
[X] SubclassOf([prop] some [Y]);Giraffe SubclassOf(Participate-In some Walk);[X] [prop/*OP_VERB_PREP-third] [Y]. True or false?;A giraffe participates in walking. True or false?;op_Yes-No-2-part-1-rel;OP_VERB_PREP;AWO;Yes-No-2-part-1-rel.csv;yn2p1r;verb_prep;645
[X] SubclassOf([prop] some [Y]);Phloem SubclassOf(part-of some Stem);True or false: [X] is [prop/*OP_IS_NOUNS_PREP] [Y].;True or false: Phloem is part of a stem.;op_Yes-No-2-part-1-rel;OP_IS_NOUNS_PREP;AWO;Yes-No-2-part-1-rel.csv;yn2p1r;is_noun_prep;769
[X] SubclassOf([prop] some [Y]);Berry SubclassOf(proper-part-of some Plant);[X] is [prop/*OP_IS_NOUNS_PREP] [Y]. True or false?;A berry is proper part of a plant. True or false?;op_Yes-No-2-part-1-rel;OP_IS_NOUNS_PREP;AWO;Yes-No-2-part-1-rel.csv;yn2p1r;is_noun_prep;724
[X] SubclassOf([prop] some [Y]);BumbleBee SubclassOf(Participate-In some Fly);Does [X] [prop/*OP_VERB_PREP-infinitive] [Y]?;Does a bumble bee participate in flying?;op_Yes-No-2-part-1-rel;OP_VERB_PREP;AWO;Yes-No-2-part-1-rel.csv;yn2p1r;verb_prep;607
[X] SubclassOf([prop] only [Y]);Camelopard SubclassOf(Live-on only Land);Does [X] [prop/*OP_VERB_PREP-infinitive] [Y]?;Does a camelopard live on land?;op_Yes-No-2-part-1-rel;OP_VERB_PREP;AWO;Yes-No-2-part-1-rel.csv;yn2p1r;verb_prep;809
[X] SubclassOf([prop] only [Y]);Camelopard SubclassOf(Live-on only Habitat);True or false: [X] [prop/*OP_VERB_PREP-third] [Y].;True or false: A camelopard lives on a habitat.;op_Yes-No-2-part-1-rel;OP_VERB_PREP;AWO;Yes-No-2-part-1-rel.csv;yn2p1r;verb_prep;846
[X] SubclassOf([prop] only [Y]);King-of-beasts SubclassOf(Live-on only Habitat);True or false: [X] [prop/*OP_VERB_PREP-third] only [Y].;True or false: A king of beasts lives on only a habitat.;op_Yes-No-2-part-1-rel+1-quant-only;OP_VERB_PREP;AWO;Yes-No-2-part-1-rel+1-quant-only.csv;yn2p1r1_1_qo;verb_prep;924
[X] SubclassOf([prop] only [Y]);Impala SubclassOf(Live-on only Land);[X] [prop/*OP_VERB_PREP-third] only [Y]. True or false?;An impala lives on only land. True or false?;op_Yes-No-2-part-1-rel+1-quant-only;OP_VERB_PREP;AWO;Yes-No-2-part-1-rel+1-quant-only.csv;yn2p1r1_1_qo;verb_prep;897
[X] SubclassOf([prop] only [Y]);Giraffe SubclassOf(eats only PlantParts);[X] [prop/*OP_VERB-third] only [Y]. True or false?;A giraffe eats only a plant parts. True or false?;op_Yes-No-2-part-1-rel+1-quant-only;OP_VERB;AWO;Yes-No-2-part-1-rel+1-quant-only.csv;yn2p1r1_1_qo;verb;860
[X] SubclassOf([prop] only [Y]);Lion SubclassOf(Live-on only Land);True or false: [X] [prop/*OP_VERB_PREP-third] only [Y].;True or false: A lion lives on only land.;op_Yes-No-2-part-1-rel+1-quant-only;OP_VERB_PREP;AWO;Yes-No-2-part-1-rel+1-quant-only.csv;yn2p1r1_1_qo;verb_prep;921
[X] SubclassOf([prop] only [Y]);RockDassie SubclassOf(Live-on only Habitat);True or false: [X] [prop/*OP_VERB_PREP-third] only [Y].;True or false: A rock dassie lives on only a habitat.;op_Yes-No-2-part-1-rel+1-quant-only;OP_VERB_PREP;AWO;Yes-No-2-part-1-rel+1-quant-only.csv;yn2p1r1_1_qo;verb_prep;908
[X] SubclassOf([prop] only [Y]);RockDassie SubclassOf(Live-on only Land);True or false: [X] [prop/*OP_VERB_PREP-third] only [Y].;True or false: A rock dassie lives on only land.;op_Yes-No-2-part-1-rel+1-quant-only;OP_VERB_PREP;AWO;Yes-No-2-part-1-rel+1-quant-only.csv;yn2p1r1_1_qo;verb_prep;907
[X] SubclassOf([prop] only [Y]);TerrestrialAnimal SubclassOf(Live-on only Habitat);True or false: [X] [prop/*OP_VERB_PREP-third] only [Y].;True or false: A terrestrial animal lives on only a habitat.;op_Yes-No-2-part-1-rel+1-quant-only;OP_VERB_PREP;AWO;Yes-No-2-part-1-rel+1-quant-only.csv;yn2p1r1_1_qo;verb_prep;912
[X] SubclassOf([prop] only [Y]);Camelopard SubclassOf(Live-on only Land);True or false: [X] [prop/*OP_VERB_PREP-third] only [Y].;True or false: A camelopard lives on only land.;op_Yes-No-2-part-1-rel+1-quant-only;OP_VERB_PREP;AWO;Yes-No-2-part-1-rel+1-quant-only.csv;yn2p1r1_1_qo;verb_prep;917
[X] SubclassOf([prop] only [Y]);Lion SubclassOf(Live-on only Habitat);[X] [prop/*OP_VERB_PREP-third] only [Y]. True or false?;A lion lives on only a habitat. True or false?;op_Yes-No-2-part-1-rel+1-quant-only;OP_VERB_PREP;AWO;Yes-No-2-part-1-rel+1-quant-only.csv;yn2p1r1_1_qo;verb_prep;904
[X] SubclassOf([prop] only [Y]);Camelopard SubclassOf(Live-on only Habitat);Does [X] [prop/*OP_VERB_PREP-infinitive] only [Y]?;Does a camelopard live on only a habitat?;op_Yes-No-2-part-1-rel+1-quant-only;OP_VERB_PREP;AWO;Yes-No-2-part-1-rel+1-quant-only.csv;yn2p1r1_1_qo;verb_prep;882
[X] SubclassOf([prop] some [Y]);Camelopard SubclassOf(Participate-In some Loop);Does [X] [prop/*OP_VERB_PREP-infinitive] some [Y]?;Does a camelopard participate in some being a loop?;op_Yes-No-2-part-1-rel+1-quant-some;OP_VERB_PREP;AWO;Yes-No-2-part-1-rel+1-quant-some.csv;yn2p1r_1_qs;verb_prep;996
[X] SubclassOf([prop] some [Y]);Warthog SubclassOf(Participate-In some Loop);[X] [prop/*OP_VERB_PREP-third] some [Y]. True or false?;A warthog participates in some being a loop. True or false?;op_Yes-No-2-part-1-rel+1-quant-some;OP_VERB_PREP;AWO;Yes-No-2-part-1-rel+1-quant-some.csv;yn2p1r_1_qs;verb_prep;1010
[X] SubclassOf([prop] some [Y]);Camelopard SubclassOf(Participate-In some Loop);True or false: [X] [prop/*OP_VERB_PREP-third] some [Y].;True or false: A camelopard participates in some being a loop.;op_Yes-No-2-part-1-rel+1-quant-some;OP_VERB_PREP;AWO;Yes-No-2-part-1-rel+1-quant-some.csv;yn2p1r_1_qs;verb_prep;1036
[X] SubclassOf([prop] some [Y]);HumbleBee SubclassOf(Participate-In some Fly);[X] [prop/*OP_VERB_PREP-third] some [Y]. True or false?;A humble bee participates in flying. True or false?;op_Yes-No-2-part-1-rel+1-quant-some;OP_VERB_PREP;AWO;Yes-No-2-part-1-rel+1-quant-some.csv;yn2p1r_1_qs;verb_prep;1003
[X] SubclassOf([prop] some [Y]);Xylem SubclassOf(proper-part-of some PlantParts);True or false: [X] is [prop/*OP_IS_NOUNS_PREP] some [Y].;True or false: Xylem is proper part of some plant parts.;op_Yes-No-2-part-1-rel+1-quant-some;OP_IS_NOUNS_PREP;AWO;Yes-No-2-part-1-rel+1-quant-some.csv;yn2p1r_1_qs;is_noun_prep;1111
[X] SubclassOf([prop] some [Y]);Tasty-plant SubclassOf(eaten-by some Carnivore);[X] is [prop/*OP_IS_PAST_PARTICIPLE_BY] some [Y]. True or false?;A tasty plant is eaten by some carnivore. True or false?;op_Yes-No-2-part-1-rel+1-quant-some;OP_IS_PAST_PARTICIPLE_BY;AWO;Yes-No-2-part-1-rel+1-quant-some.csv;yn2p1r_1_qs;is_pp_b;1147
[X] SubclassOf([prop] some [Y]);RockDassie SubclassOf(Participate-In some Walk);[X] [prop/*OP_VERB_PREP-third] some [Y]. True or false?;A rock dassie participates in walking. True or false?;op_Yes-No-2-part-1-rel+1-quant-some;OP_VERB_PREP;AWO;Yes-No-2-part-1-rel+1-quant-some.csv;yn2p1r_1_qs;verb_prep;1007
[X] SubclassOf([prop] some [Y]);Tasty-plant SubclassOf(eaten-by some Herbivore);Is [X] [prop/*OP_IS_PAST_PARTICIPLE_BY] some [Y]?;Is a tasty plant eaten by some herbivore?;op_Yes-No-2-part-1-rel+1-quant-some;OP_IS_PAST_PARTICIPLE_BY;AWO;Yes-No-2-part-1-rel+1-quant-some.csv;yn2p1r_1_qs;is_pp_b;1146
[X] SubclassOf([prop] some [Y]);Giraffe SubclassOf(Participate-In some Loop);[X] [prop/*OP_VERB_PREP-third] some [Y]. True or false?;A giraffe participates in some being a loop. True or false?;op_Yes-No-2-part-1-rel+1-quant-some;OP_VERB_PREP;AWO;Yes-No-2-part-1-rel+1-quant-some.csv;yn2p1r_1_qs;verb_prep;1018
[X] SubclassOf([prop] some [Y]);Stem SubclassOf(part-of some Plant);True or false: [X] is [prop/*OP_IS_NOUNS_PREP] some [Y].;True or false: A stem is part of some plant.;op_Yes-No-2-part-1-rel+1-quant-some;OP_IS_NOUNS_PREP;AWO;Yes-No-2-part-1-rel+1-quant-some.csv;yn2p1r_1_qs;is_noun_prep;1117
[X] SubclassOf([Y]);Universe SubclassOf(Condition);What is [X]?;What is universe?;Definition;OP_DEFINITION;BioTop;Definition.csv;def;definition;1153
[X] SubclassOf([Y]);TemporalRegion SubclassOf(Particular);What is [X]?;What is a temporal region?;Definition;OP_DEFINITION;BioTop;Definition.csv;def;definition;1197
[X] SubclassOf([Y]);Situation SubclassOf(Condition);What is [X]?;What is a situation?;Definition;OP_DEFINITION;BioTop;Definition.csv;def;definition;1176
[X] SubclassOf([Y]);Action SubclassOf(Condition);What is [X]?;What is an action?;Definition;OP_DEFINITION;BioTop;Definition.csv;def;definition;1184
[X] SubclassOf([Y]);NoncanonicalValueRegion SubclassOf(ValueRegion);What is [X]?;What is a noncanonical value region?;Definition;OP_DEFINITION;BioTop;Definition.csv;def;definition;1236
[X] SubclassOf([Y]);PhysicalVolume SubclassOf(Particular);What is [X]?;What is a physical volume?;Definition;OP_DEFINITION;BioTop;Definition.csv;def;definition;1232
[X] SubclassOf([Y]);TwoDimensionalPhysicalEntity SubclassOf(ImmaterialObject);What is [X]?;What is a two dimensional physical entity?;Definition;OP_DEFINITION;BioTop;Definition.csv;def;definition;1274
[X] SubclassOf([Y]);Function SubclassOf(Condition);What is [X]?;What is a function?;Definition;OP_DEFINITION;BioTop;Definition.csv;def;definition;1179
[X] SubclassOf([Y]);Canonicity SubclassOf(Particular);What is [X]?;What is canonicity?;Definition;OP_DEFINITION;BioTop;Definition.csv;def;definition;1223
[X] SubclassOf([Y]);AmountOfPureSubstance SubclassOf(Particular);What is [X]?;What is an amount of pure substance?;Definition;OP_DEFINITION;BioTop;Definition.csv;def;definition;1212
[X] SubclassOf([prop] only [Y]);Manifest SubclassOf(result only Manifestation);What does [X] [prop/*OP_VERB-infinitive]?;What does a manifest result?;op_What-1-part-1-rel;OP_VERB;CopyrightAll;What-1-part-1-rel.csv;w1p1r;verb;1317
[X] SubclassOf([prop] only [Y]);Broadcast SubclassOf(result only BroadcastEvent);What does [X] [prop/*OP_VERB-infinitive]?;What does a broadcast result?;op_What-1-part-1-rel;OP_VERB;CopyrightAll;What-1-part-1-rel.csv;w1p1r;verb;1304
[X] SubclassOf([prop] some [Y]);Sell SubclassOf(condition some PayAction);What [prop/*OP_HAS_NOUNS-nounsNoArticle] does [X] have?;What condition does a sell have?;op_What-1-part-1-rel;OP_HAS_NOUNS;CopyrightAll;What-1-part-1-rel.csv;w1p1r;has_nouns;1324
[X] SubclassOf([prop] some [Y]);Rent SubclassOf(condition some PayAction);What [prop/*OP_HAS_NOUNS-nounsNoArticle] does [X] have?;What condition does a rent have?;op_What-1-part-1-rel;OP_HAS_NOUNS;CopyrightAll;What-1-part-1-rel.csv;w1p1r;has_nouns;1323
[X] SubclassOf([prop] only [Y]);Communicate SubclassOf(result only Communication);What does [X] [prop/*OP_VERB-infinitive]?;What does a communicate result?;op_What-1-part-1-rel;OP_VERB;CopyrightAll;What-1-part-1-rel.csv;w1p1r;verb;1305
[X] SubclassOf([prop] only [Y]);MakeAvailable SubclassOf(result only OnDemandEvent);What does [X] [prop/*OP_VERB-infinitive]?;What does a make available result?;op_What-1-part-1-rel;OP_VERB;CopyrightAll;What-1-part-1-rel.csv;w1p1r;verb;1314
[X] SubclassOf([prop] only [Y]);Use SubclassOf(agent only LegalPerson);What [prop/*OP_HAS_NOUNS-nounsNoArticle] does [X] have?;What agent does an use have?;op_What-1-part-1-rel;OP_HAS_NOUNS;CopyrightAll;What-1-part-1-rel.csv;w1p1r;has_nouns;1322
[X] SubclassOf([prop] some [Y]);Sell SubclassOf(consequence some OwnershipInfo);What [prop/*OP_HAS_NOUNS-nounsNoArticle] does [X] have?;What consequence does a sell have?;op_What-1-part-1-rel;OP_HAS_NOUNS;CopyrightAll;What-1-part-1-rel.csv;w1p1r;has_nouns;1325
[X] SubclassOf([prop] only [Y]);Improvise SubclassOf(result only Performance);What does [X] [prop/*OP_VERB-infinitive]?;What does an improvise result?;op_What-1-part-1-rel;OP_VERB;CopyrightAll;What-1-part-1-rel.csv;w1p1r;verb;1313
[X] SubclassOf([prop] only [Y]);PerformInPublic SubclassOf(location only PublicPlace);What [prop/*OP_HAS_NOUNS-nounsNoArticle] does [X] have?;What location does a perform in public have?;op_What-1-part-1-rel;OP_HAS_NOUNS;CopyrightAll;What-1-part-1-rel.csv;w1p1r;has_nouns;1319
[Z] SubclassOf([X]),[Z] SubclassOf([prop] only [Y]);Copy SubclassOf(Exploit),Copy SubclassOf(result only Instance);Which [X/noArticle] [prop/*OP_VERB-third] [Y]?;Which exploit results an instance?;op_What-2-part-1-rel;OP_VERB;CopyrightAll;What-2-part-1-rel.csv;w2p1r;verb;1341
[Z] SubclassOf([X]),[Z] SubclassOf([prop] some [Y]);Sell SubclassOf(Exploit),Sell SubclassOf(consequence some OwnershipInfo);Which [X/noArticle] [prop/*OP_HAS_NOUNS-third] that is [Y]?;Which exploit has a consequence that is an ownership info?;op_What-2-part-1-rel;OP_HAS_NOUNS;CopyrightAll;What-2-part-1-rel.csv;w2p1r;has_nouns;1390
[Z] SubclassOf([X]),[Z] SubclassOf([prop] only [Y]);Manifest SubclassOf(Action),Manifest SubclassOf(object only Work);Which [X/noArticle] [prop/*OP_VERB-third] [Y]?;Which disagree action objects work?;op_What-2-part-1-rel;OP_VERB;CopyrightAll;What-2-part-1-rel.csv;w2p1r;verb;1361
[Z] SubclassOf([X]),[Z] SubclassOf([prop] some [Y]);Sell SubclassOf(Distribute),Sell SubclassOf(consequence some OwnershipInfo);Which [X/noArticle] [prop/*OP_HAS_NOUNS-third] that is [Y]?;Which distribute has a consequence that is an ownership info?;op_What-2-part-1-rel;OP_HAS_NOUNS;CopyrightAll;What-2-part-1-rel.csv;w2p1r;has_nouns;1389
[Z] SubclassOf([X]),[Z] SubclassOf([prop] only [Y]);Derive SubclassOf(Exploit),Derive SubclassOf(object only Work);Which [X/noArticle] [prop/*OP_VERB-third] [Y]?;Which exploit objects work?;op_What-2-part-1-rel;OP_VERB;CopyrightAll;What-2-part-1-rel.csv;w2p1r;verb;1343
[Z] SubclassOf([X]),[Z] SubclassOf([prop] only [Y]);Access SubclassOf(Use),Access SubclassOf(object only OnDemandEvent);Which [X/noArticle] [prop/*OP_VERB-third] [Y]?;Which use objects an on demand event?;op_What-2-part-1-rel;OP_VERB;CopyrightAll;What-2-part-1-rel.csv;w2p1r;verb;1326
[Z] SubclassOf([X]),[Z] SubclassOf([prop] only [Y]);Derive SubclassOf(Action),Derive SubclassOf(object only Work);Which [X/noArticle] [prop/*OP_VERB-third] [Y]?;Which disagree action objects work?;op_What-2-part-1-rel;OP_VERB;CopyrightAll;What-2-part-1-rel.csv;w2p1r;verb;1344
[Z] SubclassOf([X]),[Z] SubclassOf([prop] only [Y]);Tune SubclassOf(Temporal),Tune SubclassOf(object only BroadcastEvent);Which [X/noArticle] [prop/*OP_VERB-third] [Y]?;Which temporal objects a broadcast event?;op_What-2-part-1-rel;OP_VERB;CopyrightAll;What-2-part-1-rel.csv;w2p1r;verb;1377
[Z] SubclassOf([X]),[Z] SubclassOf([prop] only [Y]);Perform SubclassOf(Exploit),Perform SubclassOf(result only Performance);Which [X/noArticle] [prop/*OP_VERB-third] [Y]?;Which exploit results a performance?;op_What-2-part-1-rel;OP_VERB;CopyrightAll;What-2-part-1-rel.csv;w2p1r;verb;1367
[Z] SubclassOf([X]),[Z] SubclassOf([prop] some [Y]);Rent SubclassOf(Action),Rent SubclassOf(condition some PayAction);Which [X/noArticle] [prop/*OP_HAS_NOUNS-third] that is [Y]?;Which disagree action has a condition that is a pay action?;op_What-2-part-1-rel;OP_HAS_NOUNS;CopyrightAll;What-2-part-1-rel.csv;w2p1r;has_nouns;1383
[Z] SubclassOf([X]),[Z] SubclassOf([prop] only [Y]);PerformInPublic SubclassOf(Action),PerformInPublic SubclassOf(location only PublicPlace);Which [X/noArticle] [prop/*OP_HAS_NOUNS-third] that is only [Y]?;Which disagree action has a location that is only a public place?;op_What-2-part-1-rel-quant-only;OP_HAS_NOUNS;CopyrightAll;What-2-part-1-rel-quant-only.csv;w2p1r_qo;has_nouns;1438
[Z] SubclassOf([X]),[Z] SubclassOf([prop] only [Y]);Broadcast SubclassOf(Action),Broadcast SubclassOf(result only BroadcastEvent);Which [X/noArticle] [prop/*OP_VERB-third] only [Y]?;Which disagree action results only a broadcast event?;op_What-2-part-1-rel-quant-only;OP_VERB;CopyrightAll;What-2-part-1-rel-quant-only.csv;w2p1r_qo;verb;1403
[Z] SubclassOf([X]),[Z] SubclassOf([prop] only [Y]);Derive SubclassOf(Action),Derive SubclassOf(result only Manifestation);Which [X/noArticle] [prop/*OP_VERB-third] only [Y]?;Which disagree action results only a manifestation?;op_What-2-part-1-rel-quant-only;OP_VERB;CopyrightAll;What-2-part-1-rel-quant-only.csv;w2p1r_qo;verb;1413
[Z] SubclassOf([X]),[Z] SubclassOf([prop] only [Y]);MakeAvailable SubclassOf(Exploit),MakeAvailable SubclassOf(result only OnDemandEvent);Which [X/noArticle] [prop/*OP_VERB-third] only [Y]?;Which exploit results only an on demand event?;op_What-2-part-1-rel-quant-only;OP_VERB;CopyrightAll;What-2-part-1-rel-quant-only.csv;w2p1r_qo;verb;1423
[Z] SubclassOf([X]),[Z] SubclassOf([prop] only [Y]);Improvise SubclassOf(Temporal),Improvise SubclassOf(result only Performance);Which [X/noArticle] [prop/*OP_VERB-third] only [Y]?;Which temporal results only a performance?;op_What-2-part-1-rel-quant-only;OP_VERB;CopyrightAll;What-2-part-1-rel-quant-only.csv;w2p1r_qo;verb;1421
[Z] SubclassOf([X]),[Z] SubclassOf([prop] only [Y]);Attend SubclassOf(Action),Attend SubclassOf(object only Performance);Which [X/noArticle] [prop/*OP_VERB-third] only [Y]?;Which disagree action objects only a performance?;op_What-2-part-1-rel-quant-only;OP_VERB;CopyrightAll;What-2-part-1-rel-quant-only.csv;w2p1r_qo;verb;1398
[Z] SubclassOf([X]),[Z] SubclassOf([prop] only [Y]);Broadcast SubclassOf(Communicate),Broadcast SubclassOf(result only BroadcastEvent);Which [X/noArticle] [prop/*OP_VERB-third] only [Y]?;Which communicate results only a broadcast event?;op_What-2-part-1-rel-quant-only;OP_VERB;CopyrightAll;What-2-part-1-rel-quant-only.csv;w2p1r_qo;verb;1401
[Z] SubclassOf([X]),[Z] SubclassOf([prop] only [Y]);Tune SubclassOf(Temporal),Tune SubclassOf(object only BroadcastEvent);Which [X/noArticle] [prop/*OP_VERB-third] only [Y]?;Which temporal objects only a broadcast event?;op_What-2-part-1-rel-quant-only;OP_VERB;CopyrightAll;What-2-part-1-rel-quant-only.csv;w2p1r_qo;verb;1444
[Z] SubclassOf([X]),[Z] SubclassOf([prop] only [Y]);Attend SubclassOf(Use),Attend SubclassOf(object only Performance);Which [X/noArticle] [prop/*OP_VERB-third] only [Y]?;Which use objects only a performance?;op_What-2-part-1-rel-quant-only;OP_VERB;CopyrightAll;What-2-part-1-rel-quant-only.csv;w2p1r_qo;verb;1397
[Z] SubclassOf([X]),[Z] SubclassOf([prop] only [Y]);Improvise SubclassOf(Temporal),Improvise SubclassOf(object only Work);Which [X/noArticle] [prop/*OP_VERB-third] only [Y]?;Which temporal objects only work?;op_What-2-part-1-rel-quant-only;OP_VERB;CopyrightAll;What-2-part-1-rel-quant-only.csv;w2p1r_qo;verb;1419
[Z] SubclassOf([X]),[Z] SubclassOf([prop] some [Y]);Sell SubclassOf(Distribute),Sell SubclassOf(condition some PayAction);Which [X/noArticle] [prop/*OP_HAS_NOUNS-third] that is some [Y]?;Which distribute has a condition that is some pay action?;op_What-2-part-1-rel-quant-some;OP_HAS_NOUNS;CopyrightAll;What-2-part-1-rel-quant-some.csv;w2p1r_qs;has_nouns;1452
[Z] SubclassOf([X]),[Z] SubclassOf([prop] some [Y]);Rent SubclassOf(Action),Rent SubclassOf(condition some PayAction);Which [X/noArticle] [prop/*OP_HAS_NOUNS-third] that is some [Y]?;Which disagree action has a condition that is some pay action?;op_What-2-part-1-rel-quant-some;OP_HAS_NOUNS;CopyrightAll;What-2-part-1-rel-quant-some.csv;w2p1r_qs;has_nouns;1450
[Z] SubclassOf([X]),[Z] SubclassOf([prop] some [Y]);Sell SubclassOf(Action),Sell SubclassOf(condition some PayAction);Which [X/noArticle] [prop/*OP_HAS_NOUNS-third] that is some [Y]?;Which disagree action has a condition that is some pay action?;op_What-2-part-1-rel-quant-some;OP_HAS_NOUNS;CopyrightAll;What-2-part-1-rel-quant-some.csv;w2p1r_qs;has_nouns;1454
[Z] SubclassOf([X]),[Z] SubclassOf([prop] some [Y]);Sell SubclassOf(Exploit),Sell SubclassOf(consequence some OwnershipInfo);Which [X/noArticle] [prop/*OP_HAS_NOUNS-third] that is some [Y]?;Which exploit has a consequence that is some ownership info?;op_What-2-part-1-rel-quant-some;OP_HAS_NOUNS;CopyrightAll;What-2-part-1-rel-quant-some.csv;w2p1r_qs;has_nouns;1457
[Z] SubclassOf([X]),[Z] SubclassOf([prop] some [Y]);Sell SubclassOf(Distribute),Sell SubclassOf(consequence some OwnershipInfo);Which [X/noArticle] [prop/*OP_HAS_NOUNS-third] that is some [Y]?;Which distribute has a consequence that is some ownership info?;op_What-2-part-1-rel-quant-some;OP_HAS_NOUNS;CopyrightAll;What-2-part-1-rel-quant-some.csv;w2p1r_qs;has_nouns;1456
[Z] SubclassOf([X]),[Z] SubclassOf([prop] some [Y]);Rent SubclassOf(Distribute),Rent SubclassOf(condition some PayAction);Which [X/noArticle] [prop/*OP_HAS_NOUNS-third] that is some [Y]?;Which distribute has a condition that is some pay action?;op_What-2-part-1-rel-quant-some;OP_HAS_NOUNS;CopyrightAll;What-2-part-1-rel-quant-some.csv;w2p1r_qs;has_nouns;1448
[Z] SubclassOf([X]),[Z] SubclassOf([prop] some [Y]);Rent SubclassOf(Exploit),Rent SubclassOf(condition some PayAction);Which [X/noArticle] [prop/*OP_HAS_NOUNS-third] that is some [Y]?;Which exploit has a condition that is some pay action?;op_What-2-part-1-rel-quant-some;OP_HAS_NOUNS;CopyrightAll;What-2-part-1-rel-quant-some.csv;w2p1r_qs;has_nouns;1449
[Z] SubclassOf([X]),[Z] SubclassOf([prop] some [Y]);Sell SubclassOf(Action),Sell SubclassOf(consequence some OwnershipInfo);Which [X/noArticle] [prop/*OP_HAS_NOUNS-third] that is some [Y]?;Which disagree action has a consequence that is some ownership info?;op_What-2-part-1-rel-quant-some;OP_HAS_NOUNS;CopyrightAll;What-2-part-1-rel-quant-some.csv;w2p1r_qs;has_nouns;1458
[Z] SubclassOf([X]),[Z] SubclassOf([prop] some [Y]);Sell SubclassOf(SellAction),Sell SubclassOf(consequence some OwnershipInfo);Which [X/noArticle] [prop/*OP_HAS_NOUNS-third] that is some [Y]?;Which sell action has a consequence that is some ownership info?;op_What-2-part-1-rel-quant-some;OP_HAS_NOUNS;CopyrightAll;What-2-part-1-rel-quant-some.csv;w2p1r_qs;has_nouns;1459
[Z] SubclassOf([X]),[Z] SubclassOf([prop] some [Y]);Sell SubclassOf(Exploit),Sell SubclassOf(condition some PayAction);Which [X/noArticle] [prop/*OP_HAS_NOUNS-third] that is some [Y]?;Which exploit has a condition that is some pay action?;op_What-2-part-1-rel-quant-some;OP_HAS_NOUNS;CopyrightAll;What-2-part-1-rel-quant-some.csv;w2p1r_qs;has_nouns;1453
[X] SubclassOf([prop] only [Y]);Attend SubclassOf(object only Performance);Does [X] [prop/*OP_VERB-infinitive] [Y]?;Does an attend object a performance?;op_Yes-No-2-part-1-rel;OP_VERB;CopyrightAll;Yes-No-2-part-1-rel.csv;yn2p1r;verb;1463
[X] SubclassOf([prop] some [Y]);Sell SubclassOf(consequence some OwnershipInfo);[X] [prop/*OP_HAS_NOUNS-third] that is [Y]. True or false?;A sell has a consequence that is an ownership info. True or false?;op_Yes-No-2-part-1-rel;OP_HAS_NOUNS;CopyrightAll;Yes-No-2-part-1-rel.csv;yn2p1r;has_nouns;1530
[X] SubclassOf([prop] only [Y]);Attend SubclassOf(object only Performance);True or false: [X] [prop/*OP_VERB-third] [Y].;True or false: An attend objects a performance.;op_Yes-No-2-part-1-rel;OP_VERB;CopyrightAll;Yes-No-2-part-1-rel.csv;yn2p1r;verb;1465
[X] SubclassOf([prop] only [Y]);Copy SubclassOf(result only Instance);[X] [prop/*OP_VERB-third] [Y]. True or false?;A copy results an instance. True or false?;op_Yes-No-2-part-1-rel;OP_VERB;CopyrightAll;Yes-No-2-part-1-rel.csv;yn2p1r;verb;1476
[X] SubclassOf([prop] only [Y]);Manifest SubclassOf(agent only LegalPerson);Does [X] [prop/*OP_HAS_NOUNS-infinitive] that is [Y]?;Does a manifest have an agent that is a legal person?;op_Yes-No-2-part-1-rel;OP_HAS_NOUNS;CopyrightAll;Yes-No-2-part-1-rel.csv;yn2p1r;has_nouns;1499
[X] SubclassOf([prop] only [Y]);Broadcast SubclassOf(result only BroadcastEvent);Does [X] [prop/*OP_VERB-infinitive] [Y]?;Does a broadcast result a broadcast event?;op_Yes-No-2-part-1-rel;OP_VERB;CopyrightAll;Yes-No-2-part-1-rel.csv;yn2p1r;verb;1466
[X] SubclassOf([prop] only [Y]);Broadcast SubclassOf(result only BroadcastEvent);[X] [prop/*OP_VERB-third] [Y]. True or false?;A broadcast results a broadcast event. True or false?;op_Yes-No-2-part-1-rel;OP_VERB;CopyrightAll;Yes-No-2-part-1-rel.csv;yn2p1r;verb;1467
[X] SubclassOf([prop] only [Y]);Manifest SubclassOf(object only Work);Does [X] [prop/*OP_VERB-infinitive] [Y]?;Does a manifest object work?;op_Yes-No-2-part-1-rel;OP_VERB;CopyrightAll;Yes-No-2-part-1-rel.csv;yn2p1r;verb;1502
[X] SubclassOf([prop] only [Y]);Manifest SubclassOf(result only Manifestation);Does [X] [prop/*OP_VERB-infinitive] [Y]?;Does a manifest result a manifestation?;op_Yes-No-2-part-1-rel;OP_VERB;CopyrightAll;Yes-No-2-part-1-rel.csv;yn2p1r;verb;1505
[X] SubclassOf([prop] only [Y]);Distribute SubclassOf(object only CreativeWork);[X] [prop/*OP_VERB-third] [Y]. True or false?;A distribute objects creative work. True or false?;op_Yes-No-2-part-1-rel;OP_VERB;CopyrightAll;Yes-No-2-part-1-rel.csv;yn2p1r;verb;1485
[X] SubclassOf([prop] only [Y]);Communicate SubclassOf(result only Communication);True or false: [X] [prop/*OP_VERB-third] only [Y].;True or false: A communicate results only a communication.;op_Yes-No-2-part-1-rel+1-quant-only;OP_VERB;CopyrightAll;Yes-No-2-part-1-rel+1-quant-only.csv;yn2p1r1_1_qo;verb;1543
[X] SubclassOf([prop] only [Y]);Distribute SubclassOf(object only CreativeWork);Does [X] [prop/*OP_VERB-infinitive] only [Y]?;Does a distribute object only creative work?;op_Yes-No-2-part-1-rel+1-quant-only;OP_VERB;CopyrightAll;Yes-No-2-part-1-rel+1-quant-only.csv;yn2p1r1_1_qo;verb;1556
[X] SubclassOf([prop] only [Y]);MakeAvailable SubclassOf(result only OnDemandEvent);Does [X] [prop/*OP_VERB-infinitive] only [Y]?;Does a make available result only an on demand event?;op_Yes-No-2-part-1-rel+1-quant-only;OP_VERB;CopyrightAll;Yes-No-2-part-1-rel+1-quant-only.csv;yn2p1r1_1_qo;verb;1568
[X] SubclassOf([prop] only [Y]);Copy SubclassOf(result only Instance);True or false: [X] [prop/*OP_VERB-third] only [Y].;True or false: A copy results only an instance.;op_Yes-No-2-part-1-rel+1-quant-only;OP_VERB;CopyrightAll;Yes-No-2-part-1-rel+1-quant-only.csv;yn2p1r1_1_qo;verb;1549
[X] SubclassOf([prop] only [Y]);Perform SubclassOf(result only Performance);Does [X] [prop/*OP_VERB-infinitive] only [Y]?;Does a perform result only a performance?;op_Yes-No-2-part-1-rel+1-quant-only;OP_VERB;CopyrightAll;Yes-No-2-part-1-rel+1-quant-only.csv;yn2p1r1_1_qo;verb;1580
[X] SubclassOf([prop] only [Y]);Manifest SubclassOf(result only Manifestation);Does [X] [prop/*OP_VERB-infinitive] only [Y]?;Does a manifest result only a manifestation?;op_Yes-No-2-part-1-rel+1-quant-only;OP_VERB;CopyrightAll;Yes-No-2-part-1-rel+1-quant-only.csv;yn2p1r1_1_qo;verb;1577
[X] SubclassOf([prop] only [Y]);Improvise SubclassOf(agent only LegalPerson);[X] [prop/*OP_HAS_NOUNS-third] that is only [Y]. True or false?;An improvise has an agent that is only a legal person. True or false?;op_Yes-No-2-part-1-rel+1-quant-only;OP_HAS_NOUNS;CopyrightAll;Yes-No-2-part-1-rel+1-quant-only.csv;yn2p1r1_1_qo;has_nouns;1560
[X] SubclassOf([prop] only [Y]);Record SubclassOf(result only Recording);Does [X] [prop/*OP_VERB-infinitive] only [Y]?;Does a record result only a recording?;op_Yes-No-2-part-1-rel+1-quant-only;OP_VERB;CopyrightAll;Yes-No-2-part-1-rel+1-quant-only.csv;yn2p1r1_1_qo;verb;1586
[X] SubclassOf([prop] only [Y]);Record SubclassOf(result only Recording);[X] [prop/*OP_VERB-third] only [Y]. True or false?;A record results only a recording. True or false?;op_Yes-No-2-part-1-rel+1-quant-only;OP_VERB;CopyrightAll;Yes-No-2-part-1-rel+1-quant-only.csv;yn2p1r1_1_qo;verb;1587
[X] SubclassOf([prop] only [Y]);PerformInPublic SubclassOf(location only PublicPlace);True or false: [X] [prop/*OP_HAS_NOUNS-third] that is only [Y].;True or false: A perform in public has a location that is only a public place.;op_Yes-No-2-part-1-rel+1-quant-only;OP_HAS_NOUNS;CopyrightAll;Yes-No-2-part-1-rel+1-quant-only.csv;yn2p1r1_1_qo;has_nouns;1585
[X] SubclassOf([Y]);Cinema SubclassOf(CulturalInstituteOrSite);What is [X]?;What is a cinema?;Definition;OP_DEFINITION;Cultural-On;Definition.csv;def;definition;1606
[X] SubclassOf([Y]);ArchaeologicalPark SubclassOf(CulturalEntity);What is [X]?;What is an archaeological park?;Definition;OP_DEFINITION;Cultural-On;Definition.csv;def;definition;1613
[X] SubclassOf([Y]);ArchaeologicalArea SubclassOf(CulturalInstituteOrSite);What is [X]?;What is an archaeological area?;Definition;OP_DEFINITION;Cultural-On;Definition.csv;def;definition;1598
[X] SubclassOf([Y]);Booking SubclassOf(AccessCondition);What is [X]?;What is a type of booking?;Definition;OP_DEFINITION;Cultural-On;Definition.csv;def;definition;1600
[X] SubclassOf([Y]);MonumentalArea SubclassOf(CulturalInstituteOrSite);What is [X]?;What is a monumental area or complex?;Definition;OP_DEFINITION;Cultural-On;Definition.csv;def;definition;1596
[X] SubclassOf([Y]);Library SubclassOf(CulturalInstituteOrSite);What is [X]?;What is a library?;Definition;OP_DEFINITION;Cultural-On;Definition.csv;def;definition;1611
[X] SubclassOf([Y]);OpeningHoursSpecification SubclassOf(AccessCondition);What is [X]?;What is an opening hours specification?;Definition;OP_DEFINITION;Cultural-On;Definition.csv;def;definition;1609
[X] SubclassOf([Y]);TemporaryClosure SubclassOf(AccessCondition);What is [X]?;What is a temporary closure?;Definition;OP_DEFINITION;Cultural-On;Definition.csv;def;definition;1603
[X] SubclassOf([Y]);CulturalInstituteOrSite SubclassOf(CulturalEntity);What is [X]?;What is a cultural institute or site?;Definition;OP_DEFINITION;Cultural-On;Definition.csv;def;definition;1618
[X] SubclassOf([Y]);GovernamentalAdministrativeArea SubclassOf(GeographicalFeature);What is [X]?;What is a governamental administrative area?;Definition;OP_DEFINITION;Cultural-On;Definition.csv;def;definition;1619
[X] SubclassOf([prop] only [Y]);DayOfWeek SubclassOf(isRoleIn only RoleInTime);What is [X] [prop/*OP_IS_NOUNS_PREP]?;What is a day of the week a role in?;op_What-1-part-1-rel;OP_IS_NOUNS_PREP;Cultural-On;What-1-part-1-rel.csv;w1p1r;is_noun_prep;2159
[X] SubclassOf([prop] only [Y]);UserType SubclassOf(isSiteOf only CulturalEntity);What is [X] [prop/*OP_IS_NOUNS_PREP]?;What is an user type a site of?;op_What-1-part-1-rel;OP_IS_NOUNS_PREP;Cultural-On;What-1-part-1-rel.csv;w1p1r;is_noun_prep;2226
[X] SubclassOf([prop] only [Y]);NameInTime SubclassOf(isPartOf only CulturalInstituteOrSite);What is [X] [prop/*OP_IS_NOUNS_PREP]?;What is a name in time part of?;op_What-1-part-1-rel;OP_IS_NOUNS_PREP;Cultural-On;What-1-part-1-rel.csv;w1p1r;is_noun_prep;2471
[X] SubclassOf([prop] only [Y]);AudioObject SubclassOf(hasSubEvent only Event);What [prop/*OP_HAS_NOUNS-nounsNoArticle] does [X] have?;What sub event does an audio object have?;op_What-1-part-1-rel;OP_HAS_NOUNS;Cultural-On;What-1-part-1-rel.csv;w1p1r;has_nouns;4233
[X] SubclassOf([prop] some [Y]);Library SubclassOf(hasSite some Site);What [prop/*OP_HAS_NOUNS-nounsNoArticle] does [X] have?;What site does a library have?;op_What-1-part-1-rel;OP_HAS_NOUNS;Cultural-On;What-1-part-1-rel.csv;w1p1r;has_nouns;1643
[X] SubclassOf([prop] only [Y]);AudioObject SubclassOf(reportsTo only Agent);What does [X] [prop/*OP_VERB_PREP-infinitive]?;What does an audio object report to?;op_What-1-part-1-rel;OP_VERB_PREP;Cultural-On;What-1-part-1-rel.csv;w1p1r;verb_prep;2053
[X] SubclassOf([prop] only [Y]);Project SubclassOf(hasSite only Site);What [prop/*OP_HAS_NOUNS-nounsNoArticle] does [X] have?;What site does a project have?;op_What-1-part-1-rel;OP_HAS_NOUNS;Cultural-On;What-1-part-1-rel.csv;w1p1r;has_nouns;3746
[X] SubclassOf([prop] only [Y]);GeographicalFeature SubclassOf(describes only CulturalEntity);What does [X] [prop/*OP_VERB-infinitive]?;What does a geographical area describe?;op_What-1-part-1-rel;OP_VERB;Cultural-On;What-1-part-1-rel.csv;w1p1r;verb;1706
[X] SubclassOf([prop] only [Y]);SiteDescription SubclassOf(isSubEventOf only Event);What is [X] [prop/*OP_IS_NOUNS_PREP]?;What is a site description a sub event of?;op_What-1-part-1-rel;OP_IS_NOUNS_PREP;Cultural-On;What-1-part-1-rel.csv;w1p1r;is_noun_prep;2334
[X] SubclassOf([prop] only [Y]);CulturalLandscapeAsset SubclassOf(isPartOf only CulturalEntity);What is [X] [prop/*OP_IS_NOUNS_PREP]?;What is a cultural landscape asset part of?;op_What-1-part-1-rel;OP_IS_NOUNS_PREP;Cultural-On;What-1-part-1-rel.csv;w1p1r;is_noun_prep;2550
[Z] SubclassOf([prop] only [Y]);Collection SubclassOf(hasCollection only CulturalEntity),Collection SubclassOf(CulturalEntity);Which [X/noArticle] [prop/*OP_HAS_NOUNS-third] that is [Y]?;Which cultural entity has a collection that is a cultural entity?;op_What-2-part-1-rel;OP_HAS_NOUNS;Cultural-On;What-2-part-1-rel.csv;w2p1r;has_nouns;5243
[Z] SubclassOf([prop] only [Y]);ArchaeologicalArea SubclassOf(hasMember only CulturalEntity),ArchaeologicalArea SubclassOf(CulturalInstituteOrSite);Which [X/noArticle] [prop/*OP_HAS_NOUNS-third] that is [Y]?;Which cultural institute or site has a member that is a cultural entity?;op_What-2-part-1-rel;OP_HAS_NOUNS;Cultural-On;What-2-part-1-rel.csv;w2p1r;has_nouns;4770
[Z] SubclassOf([prop] only [Y]);Cinema SubclassOf(hasNameInTime only NameInTime),Cinema SubclassOf(CulturalEntity);Which [X/noArticle] [prop/*OP_HAS_NOUNS-third] that is [Y]?;Which cultural entity has a name in time that is a name in time?;op_What-2-part-1-rel;OP_HAS_NOUNS;Cultural-On;What-2-part-1-rel.csv;w2p1r;has_nouns;4935
[Z] SubclassOf([prop] some [Y]);Theatre SubclassOf(hasSite some Site),Theatre SubclassOf(CulturalEntity);Which [X/noArticle] [prop/*OP_HAS_NOUNS-third] that is [Y]?;Which cultural entity has a site that is a site?;op_What-2-part-1-rel;OP_HAS_NOUNS;Cultural-On;What-2-part-1-rel.csv;w2p1r;has_nouns;4406
[Z] SubclassOf([prop] only [Y]);Library SubclassOf(hasAdmissionType only AdmissionType),Library SubclassOf(CulturalEntity);Which [X/noArticle] [prop/*OP_HAS_NOUNS-third] that is [Y]?;Which cultural entity has an admission type that is an admission type?;op_What-2-part-1-rel;OP_HAS_NOUNS;Cultural-On;What-2-part-1-rel.csv;w2p1r;has_nouns;5077
[Z] SubclassOf([prop] only [Y]);TemporaryClosure SubclassOf(includes only Ticket),TemporaryClosure SubclassOf(AccessCondition);Which [X/noArticle] [prop/*OP_VERB-third] [Y]?;Which access condition includes a ticket?;op_What-2-part-1-rel;OP_VERB;Cultural-On;What-2-part-1-rel.csv;w2p1r;verb;4487
[Z] SubclassOf([prop] only [Y]);NewsArticle SubclassOf(hasValidity only Validity),NewsArticle SubclassOf(CreativeWork);Which [X/noArticle] [prop/*OP_HAS_NOUNS-third] that is [Y]?;Which creative work has validity that is validity?;op_What-2-part-1-rel;OP_HAS_NOUNS;Cultural-On;What-2-part-1-rel.csv;w2p1r;has_nouns;5001
[Z] SubclassOf([prop] only [Y]);Museum SubclassOf(hasAddress only Address),Museum SubclassOf(CulturalEntity);Which [X/noArticle] [prop/*OP_HAS_NOUNS-third] that is [Y]?;Which cultural entity has an address that is an address?;op_What-2-part-1-rel;OP_HAS_NOUNS;Cultural-On;What-2-part-1-rel.csv;w2p1r;has_nouns;5205
[Z] SubclassOf([prop] only [Y]);TemporaryClosure SubclassOf(isProvidedBy only CulturalInstituteOrSite),TemporaryClosure SubclassOf(AccessCondition);Which [X/noArticle] is [prop/*OP_IS_PAST_PARTICIPLE_BY] [Y]?;Which access condition is provided by a cultural institute or site?;op_What-2-part-1-rel;OP_IS_PAST_PARTICIPLE_BY;Cultural-On;What-2-part-1-rel.csv;w2p1r;is_pp_b;5900
[Z] SubclassOf([prop] only [Y]);ImageObject SubclassOf(describes only CulturalEntity),ImageObject SubclassOf(CreativeWork);Which [X/noArticle] [prop/*OP_VERB-third] [Y]?;Which creative work describes a cultural entity?;op_What-2-part-1-rel;OP_VERB;Cultural-On;What-2-part-1-rel.csv;w2p1r;verb;4496
[Z] SubclassOf([prop] only [Y]);VideoObject SubclassOf(isSubEventOf only Event),VideoObject SubclassOf(CreativeWork);Which [X/noArticle] is [prop/*OP_IS_NOUNS_PREP] only [Y]?;Which creative work is a sub event of only an event?;op_What-2-part-1-rel-quant-only;OP_IS_NOUNS_PREP;Cultural-On;What-2-part-1-rel-quant-only.csv;w2p1r_qo;is_noun_prep;7286
[Z] SubclassOf([prop] only [Y]);NewsArticle SubclassOf(isSubjectOf only CreativeWork),NewsArticle SubclassOf(CreativeWork);Which [X/noArticle] is [prop/*OP_IS_NOUNS_PREP] only [Y]?;Which creative work is a subject of only creative work?;op_What-2-part-1-rel-quant-only;OP_IS_NOUNS_PREP;Cultural-On;What-2-part-1-rel-quant-only.csv;w2p1r_qo;is_noun_prep;7240
[Z] SubclassOf([prop] only [Y]);CultReseachCenter SubclassOf(includes only Ticket),CultReseachCenter SubclassOf(CulturalEntity);Which [X/noArticle] [prop/*OP_VERB-third] only [Y]?;Which cultural entity includes only a ticket?;op_What-2-part-1-rel-quant-only;OP_VERB;Cultural-On;What-2-part-1-rel-quant-only.csv;w2p1r_qo;verb;6173
[Z] SubclassOf([prop] only [Y]);CulturalHeritageObject SubclassOf(isPartOf only CulturalInstituteOrSite),CulturalHeritageObject SubclassOf(CulturalEntity);Which [X/noArticle] is [prop/*OP_IS_NOUNS_PREP] only [Y]?;Which cultural entity is part of only a cultural institute or site?;op_What-2-part-1-rel-quant-only;OP_IS_NOUNS_PREP;Cultural-On;What-2-part-1-rel-quant-only.csv;w2p1r_qo;is_noun_prep;7383
[Z] SubclassOf([prop] only [Y]);CulturalLandscapeAsset SubclassOf(describes only Collection),CulturalLandscapeAsset SubclassOf(CulturalInstituteOrSite);Which [X/noArticle] [prop/*OP_VERB-third] only [Y]?;Which cultural institute or site describes only a collection?;op_What-2-part-1-rel-quant-only;OP_VERB;Cultural-On;What-2-part-1-rel-quant-only.csv;w2p1r_qo;verb;6213
[Z] SubclassOf([prop] only [Y]);CultReseachCenter SubclassOf(isValidDuring only TimeInterval),CultReseachCenter SubclassOf(CulturalInstituteOrSite);Which [X/noArticle] is [prop/*OP_IS_NOUNS_PREP] only [Y]?;Which cultural institute or site is a valid during only time interval?;op_What-2-part-1-rel-quant-only;OP_IS_NOUNS_PREP;Cultural-On;What-2-part-1-rel-quant-only.csv;w2p1r_qo;is_noun_prep;7377
[Z] SubclassOf([prop] only [Y]);CulturalLandscapeAsset SubclassOf(hasAccessCondition only AccessCondition),CulturalLandscapeAsset SubclassOf(CulturalInstituteOrSite);Which [X/noArticle] [prop/*OP_HAS_NOUNS-third] that is only [Y]?;Which cultural institute or site has an access condition that is only an access condition?;op_What-2-part-1-rel-quant-only;OP_HAS_NOUNS;Cultural-On;What-2-part-1-rel-quant-only.csv;w2p1r_qo;has_nouns;7076
[Z] SubclassOf([prop] only [Y]);CultReseachCenter SubclassOf(hasCurrency only Currency),CultReseachCenter SubclassOf(CulturalInstituteOrSite);Which [X/noArticle] [prop/*OP_HAS_NOUNS-third] that is only [Y]?;Which cultural institute or site has currency that is only currency?;op_What-2-part-1-rel-quant-only;OP_HAS_NOUNS;Cultural-On;What-2-part-1-rel-quant-only.csv;w2p1r_qo;has_nouns;6933
[Z] SubclassOf([prop] only [Y]);CultReseachCenter SubclassOf(isSiteOf only CulturalInstituteOrSite),CultReseachCenter SubclassOf(CulturalEntity);Which [X/noArticle] is [prop/*OP_IS_NOUNS_PREP] only [Y]?;Which cultural entity is a site of only a cultural institute or site?;op_What-2-part-1-rel-quant-only;OP_IS_NOUNS_PREP;Cultural-On;What-2-part-1-rel-quant-only.csv;w2p1r_qo;is_noun_prep;7369
[Z] SubclassOf([prop] only [Y]);HolderOfArchive SubclassOf(hasMember only CulturalEntity),HolderOfArchive SubclassOf(CulturalEntity);Which [X/noArticle] [prop/*OP_HAS_NOUNS-third] that is only [Y]?;Which cultural entity has a member that is only a cultural entity?;op_What-2-part-1-rel-quant-only;OP_HAS_NOUNS;Cultural-On;What-2-part-1-rel-quant-only.csv;w2p1r_qo;has_nouns;7004
[Z] SubclassOf([prop] some [Y]);MonumentalArea SubclassOf(hasSite some Site),MonumentalArea SubclassOf(CulturalInstituteOrSite);Which [X/noArticle] [prop/*OP_HAS_NOUNS-third] that is some [Y]?;Which cultural institute or site has a site that is some site?;op_What-2-part-1-rel-quant-some;OP_HAS_NOUNS;Cultural-On;What-2-part-1-rel-quant-some.csv;w2p1r_qs;has_nouns;7610
[Z] SubclassOf([prop] some [Y]);CultReseachCenter SubclassOf(hasSite some Site),CultReseachCenter SubclassOf(CulturalEntity);Which [X/noArticle] [prop/*OP_HAS_NOUNS-third] that is some [Y]?;Which cultural entity has a site that is some site?;op_What-2-part-1-rel-quant-some;OP_HAS_NOUNS;Cultural-On;What-2-part-1-rel-quant-some.csv;w2p1r_qs;has_nouns;7638
[Z] SubclassOf([prop] some [Y]);Theatre SubclassOf(hasCISType some CISType),Theatre SubclassOf(CulturalEntity);Which [X/noArticle] [prop/*OP_HAS_NOUNS-third] that is some [Y]?;Which cultural entity has a type that is some cultural institute or site type?;op_What-2-part-1-rel-quant-some;OP_HAS_NOUNS;Cultural-On;What-2-part-1-rel-quant-some.csv;w2p1r_qs;has_nouns;7615
[Z] SubclassOf([prop] some [Y]);Library SubclassOf(hasCISType some CISType),Library SubclassOf(CulturalEntity);Which [X/noArticle] [prop/*OP_HAS_NOUNS-third] that is some [Y]?;Which cultural entity has a type that is some cultural institute or site type?;op_What-2-part-1-rel-quant-some;OP_HAS_NOUNS;Cultural-On;What-2-part-1-rel-quant-some.csv;w2p1r_qs;has_nouns;7623
[Z] SubclassOf([prop] some [Y]);Museum SubclassOf(hasSite some Site),Museum SubclassOf(CulturalEntity);Which [X/noArticle] [prop/*OP_HAS_NOUNS-third] that is some [Y]?;Which cultural entity has a site that is some site?;op_What-2-part-1-rel-quant-some;OP_HAS_NOUNS;Cultural-On;What-2-part-1-rel-quant-some.csv;w2p1r_qs;has_nouns;7632
[Z] SubclassOf([prop] some [Y]);ArchaeologicalPark SubclassOf(hasCISType some CISType),ArchaeologicalPark SubclassOf(CulturalEntity);Which [X/noArticle] [prop/*OP_HAS_NOUNS-third] that is some [Y]?;Which cultural entity has a type that is some cultural institute or site type?;op_What-2-part-1-rel-quant-some;OP_HAS_NOUNS;Cultural-On;What-2-part-1-rel-quant-some.csv;w2p1r_qs;has_nouns;7627
[Z] SubclassOf([prop] some [Y]);Library SubclassOf(hasSite some Site),Library SubclassOf(CulturalEntity);Which [X/noArticle] [prop/*OP_HAS_NOUNS-third] that is some [Y]?;Which cultural entity has a site that is some site?;op_What-2-part-1-rel-quant-some;OP_HAS_NOUNS;Cultural-On;What-2-part-1-rel-quant-some.csv;w2p1r_qs;has_nouns;7624
[Z] SubclassOf([prop] some [Y]);ArchaeologicalArea SubclassOf(hasSite some Site),ArchaeologicalArea SubclassOf(CulturalInstituteOrSite);Which [X/noArticle] [prop/*OP_HAS_NOUNS-third] that is some [Y]?;Which cultural institute or site has a site that is some site?;op_What-2-part-1-rel-quant-some;OP_HAS_NOUNS;Cultural-On;What-2-part-1-rel-quant-some.csv;w2p1r_qs;has_nouns;7614
[Z] SubclassOf([prop] some [Y]);HolderOfArchive SubclassOf(hasSite some Site),HolderOfArchive SubclassOf(CulturalEntity);Which [X/noArticle] [prop/*OP_HAS_NOUNS-third] that is some [Y]?;Which cultural entity has a site that is some site?;op_What-2-part-1-rel-quant-some;OP_HAS_NOUNS;Cultural-On;What-2-part-1-rel-quant-some.csv;w2p1r_qs;has_nouns;7642
[Z] SubclassOf([prop] some [Y]);Cinema SubclassOf(hasSite some Site),Cinema SubclassOf(CulturalInstituteOrSite);Which [X/noArticle] [prop/*OP_HAS_NOUNS-third] that is some [Y]?;Which cultural institute or site has a site that is some site?;op_What-2-part-1-rel-quant-some;OP_HAS_NOUNS;Cultural-On;What-2-part-1-rel-quant-some.csv;w2p1r_qs;has_nouns;7622
[X] SubclassOf([prop] only [Y]);Theatre SubclassOf(hasCollection only Collection);True or false: [X] [prop/*OP_HAS_NOUNS-third] that is [Y].;True or false: A theatre has a collection that is a collection.;op_Yes-No-2-part-1-rel;OP_HAS_NOUNS;Cultural-On;Yes-No-2-part-1-rel.csv;yn2p1r;has_nouns;12067
[X] SubclassOf([prop] only [Y]);CulturalInstituteOrSite SubclassOf(hasSiteDescription only SiteDescription);True or false: [X] [prop/*OP_HAS_NOUNS-third] that is [Y].;True or false: A cultural institute or site has a site description that is a site description.;op_Yes-No-2-part-1-rel;OP_HAS_NOUNS;Cultural-On;Yes-No-2-part-1-rel.csv;yn2p1r;has_nouns;12883
[X] SubclassOf([prop] only [Y]);CultReseachCenter SubclassOf(offers only Offer);Does [X] [prop/*OP_VERB-infinitive] [Y]?;Does a cultural reseach and promotion center offer an offer?;op_Yes-No-2-part-1-rel;OP_VERB;Cultural-On;Yes-No-2-part-1-rel.csv;yn2p1r;verb;8007
[X] SubclassOf([prop] only [Y]);Project SubclassOf(catalogue only Catalogue);[X] [prop/*OP_HAS_NOUNS-third] that is [Y]. True or false?;A project catalogues that is a catalogue. True or false?;op_Yes-No-2-part-1-rel;OP_HAS_NOUNS;Cultural-On;Yes-No-2-part-1-rel.csv;yn2p1r;has_nouns;11240
[X] SubclassOf([prop] only [Y]);AccessCondition SubclassOf(hasMeasurementUnit only MeasurementUnit);True or false: [X] [prop/*OP_HAS_NOUNS-third] that is [Y].;True or false: An access condition has a measurement unit that is a measurement unit.;op_Yes-No-2-part-1-rel;OP_HAS_NOUNS;Cultural-On;Yes-No-2-part-1-rel.csv;yn2p1r;has_nouns;13287
[X] SubclassOf([prop] only [Y]);OpeningHoursSpecification SubclassOf(isSubjectOf only CreativeWork);Is [X] [prop/*OP_IS_NOUNS_PREP] [Y]?;Is an opening hours specification a subject of creative work?;op_Yes-No-2-part-1-rel;OP_IS_NOUNS_PREP;Cultural-On;Yes-No-2-part-1-rel.csv;yn2p1r;is_noun_prep;13619
[X] SubclassOf([prop] only [Y]);GeographicalFeature SubclassOf(hasCollection only Collection);True or false: [X] [prop/*OP_HAS_NOUNS-third] that is [Y].;True or false: A geographical area has a collection that is a collection.;op_Yes-No-2-part-1-rel;OP_HAS_NOUNS;Cultural-On;Yes-No-2-part-1-rel.csv;yn2p1r;has_nouns;12093
[X] SubclassOf([prop] only [Y]);AudioObject SubclassOf(isSubEventOf only Event);[X] is [prop/*OP_IS_NOUNS_PREP] [Y]. True or false?;An audio object is a sub event of an event. True or false?;op_Yes-No-2-part-1-rel;OP_IS_NOUNS_PREP;Cultural-On;Yes-No-2-part-1-rel.csv;yn2p1r;is_noun_prep;14465
[X] SubclassOf([prop] only [Y]);Address SubclassOf(describes only Collection);Does [X] [prop/*OP_VERB-infinitive] [Y]?;Does an address describe a collection?;op_Yes-No-2-part-1-rel;OP_VERB;Cultural-On;Yes-No-2-part-1-rel.csv;yn2p1r;verb;7986
[X] SubclassOf([prop] only [Y]);CulturalLandscapeAsset SubclassOf(isValidDuring only TimeInterval);True or false: [X] is [prop/*OP_IS_NOUNS_PREP] [Y].;True or false: A cultural landscape asset is a valid during time interval.;op_Yes-No-2-part-1-rel;OP_IS_NOUNS_PREP;Cultural-On;Yes-No-2-part-1-rel.csv;yn2p1r;is_noun_prep;15026
[X] SubclassOf([prop] only [Y]);SiteDescription SubclassOf(hasGeographicalLocation only GeographicalFeature);True or false: [X] [prop/*OP_HAS_NOUNS-third] that is only [Y].;True or false: A site description has a geographical location that is only a geographical area.;op_Yes-No-2-part-1-rel+1-quant-only;OP_HAS_NOUNS;Cultural-On;Yes-No-2-part-1-rel+1-quant-only.csv;yn2p1r1_1_qo;has_nouns;20833
[X] SubclassOf([prop] only [Y]);NameInTime SubclassOf(describes only Collection);True or false: [X] [prop/*OP_VERB-third] only [Y].;True or false: A name in time describes only a collection.;op_Yes-No-2-part-1-rel+1-quant-only;OP_VERB;Cultural-On;Yes-No-2-part-1-rel+1-quant-only.csv;yn2p1r1_1_qo;verb;16890
[X] SubclassOf([prop] only [Y]);TemporaryClosure SubclassOf(isMemberOf only CulturalEntity);True or false: [X] [prop/*OP_HAS_NOUNS-third] that is only [Y].;True or false: A temporary closure has a member that is only a cultural entity.;op_Yes-No-2-part-1-rel+1-quant-only;OP_HAS_NOUNS;Cultural-On;Yes-No-2-part-1-rel+1-quant-only.csv;yn2p1r1_1_qo;has_nouns;20348
[X] SubclassOf([prop] only [Y]);UserType SubclassOf(hasGeometry only Geometry);Does [X] [prop/*OP_HAS_NOUNS-infinitive] that is only [Y]?;Does an user type have a geometry that is only a geometry?;op_Yes-No-2-part-1-rel+1-quant-only;OP_HAS_NOUNS;Cultural-On;Yes-No-2-part-1-rel+1-quant-only.csv;yn2p1r1_1_qo;has_nouns;17590
[X] SubclassOf([prop] only [Y]);Collection SubclassOf(hasCollection only CulturalEntity);Does [X] [prop/*OP_HAS_NOUNS-infinitive] that is only [Y]?;Does a collection have a collection that is only a cultural entity?;op_Yes-No-2-part-1-rel+1-quant-only;OP_HAS_NOUNS;Cultural-On;Yes-No-2-part-1-rel+1-quant-only.csv;yn2p1r1_1_qo;has_nouns;17934
[X] SubclassOf([prop] only [Y]);MeasurementUnit SubclassOf(hasMeasurementUnit only MeasurementUnit);Does [X] [prop/*OP_HAS_NOUNS-infinitive] that is only [Y]?;Does a measurement unit have a measurement unit that is only a measurement unit?;op_Yes-No-2-part-1-rel+1-quant-only;OP_HAS_NOUNS;Cultural-On;Yes-No-2-part-1-rel+1-quant-only.csv;yn2p1r1_1_qo;has_nouns;17543
[X] SubclassOf([prop] only [Y]);ArchaeologicalArea SubclassOf(isMemberOf only Collection);Does [X] [prop/*OP_HAS_NOUNS-infinitive] that is only [Y]?;Does an archaeological area have a member that is only a collection?;op_Yes-No-2-part-1-rel+1-quant-only;OP_HAS_NOUNS;Cultural-On;Yes-No-2-part-1-rel+1-quant-only.csv;yn2p1r1_1_qo;has_nouns;17255
[X] SubclassOf([prop] only [Y]);ClericalAdministrativeArea SubclassOf(hasDiscipline only SubjectDiscipline);True or false: [X] [prop/*OP_HAS_NOUNS-third] that is only [Y].;True or false: A clerical administrative area has a discipline that is only a subject discipline.;op_Yes-No-2-part-1-rel+1-quant-only;OP_HAS_NOUNS;Cultural-On;Yes-No-2-part-1-rel+1-quant-only.csv;yn2p1r1_1_qo;has_nouns;20227
[X] SubclassOf([prop] only [Y]);QuantitativeValue SubclassOf(hasSubEvent only Event);Does [X] [prop/*OP_HAS_NOUNS-infinitive] that is only [Y]?;Does a quantitative value have a sub event that is only an event?;op_Yes-No-2-part-1-rel+1-quant-only;OP_HAS_NOUNS;Cultural-On;Yes-No-2-part-1-rel+1-quant-only.csv;yn2p1r1_1_qo;has_nouns;18029
[X] SubclassOf([prop] only [Y]);PriceSpecification SubclassOf(isSubEventOf only Event);Is [X] [prop/*OP_IS_NOUNS_PREP] only [Y]?;Is a price specification a sub event of only an event?;op_Yes-No-2-part-1-rel+1-quant-only;OP_IS_NOUNS_PREP;Cultural-On;Yes-No-2-part-1-rel+1-quant-only.csv;yn2p1r1_1_qo;is_noun_prep;21953
[X] SubclassOf([prop] some [Y]);PriceSpecification SubclassOf(hasCurrency some Currency);[X] [prop/*OP_HAS_NOUNS-third] that is some [Y]. True or false?;A price specification has currency that is some currency. True or false?;op_Yes-No-2-part-1-rel+1-quant-some;OP_HAS_NOUNS;Cultural-On;Yes-No-2-part-1-rel+1-quant-some.csv;yn2p1r_1_qs;has_nouns;24209
[X] SubclassOf([prop] some [Y]);CulturalInstituteOrSite SubclassOf(hasSite some Site);Does [X] [prop/*OP_HAS_NOUNS-infinitive] that is some [Y]?;Does a cultural institute or site have a site that is some site?;op_Yes-No-2-part-1-rel+1-quant-some;OP_HAS_NOUNS;Cultural-On;Yes-No-2-part-1-rel+1-quant-some.csv;yn2p1r_1_qs;has_nouns;24184
[X] SubclassOf([prop] some [Y]);HolderOfArchive SubclassOf(hasCISType some CISType);[X] [prop/*OP_HAS_NOUNS-third] that is some [Y]. True or false?;A holder of archives has a type that is some cultural institute or site type. True or false?;op_Yes-No-2-part-1-rel+1-quant-some;OP_HAS_NOUNS;Cultural-On;Yes-No-2-part-1-rel+1-quant-some.csv;yn2p1r_1_qs;has_nouns;24214
[X] SubclassOf([prop] some [Y]);Theatre SubclassOf(hasSite some Site);Does [X] [prop/*OP_HAS_NOUNS-infinitive] that is some [Y]?;Does a theatre have a site that is some site?;op_Yes-No-2-part-1-rel+1-quant-some;OP_HAS_NOUNS;Cultural-On;Yes-No-2-part-1-rel+1-quant-some.csv;yn2p1r_1_qs;has_nouns;24172
[X] SubclassOf([prop] some [Y]);ArchaeologicalPark SubclassOf(hasSite some Site);[X] [prop/*OP_HAS_NOUNS-third] that is some [Y]. True or false?;An archaeological park has a site that is some site. True or false?;op_Yes-No-2-part-1-rel+1-quant-some;OP_HAS_NOUNS;Cultural-On;Yes-No-2-part-1-rel+1-quant-some.csv;yn2p1r_1_qs;has_nouns;24205
[X] SubclassOf([prop] some [Y]);Cinema SubclassOf(hasCISType some CISType);True or false: [X] [prop/*OP_HAS_NOUNS-third] that is some [Y].;True or false: A cinema has a type that is some cultural institute or site type.;op_Yes-No-2-part-1-rel+1-quant-some;OP_HAS_NOUNS;Cultural-On;Yes-No-2-part-1-rel+1-quant-some.csv;yn2p1r_1_qs;has_nouns;24227
[X] SubclassOf([prop] some [Y]);RoleInTime SubclassOf(isHeldBy some Agent);True or false: [X] is [prop/*OP_IS_PAST_PARTICIPLE_BY] some [Y].;True or false: A role in time is held by some agent.;op_Yes-No-2-part-1-rel+1-quant-some;OP_IS_PAST_PARTICIPLE_BY;Cultural-On;Yes-No-2-part-1-rel+1-quant-some.csv;yn2p1r_1_qs;is_pp_b;24261
[X] SubclassOf([prop] some [Y]);NameInTime SubclassOf(isValidDuring some TimeInterval);Is [X] [prop/*OP_IS_NOUNS_PREP] some [Y]?;Is a name in time a valid during some time interval?;op_Yes-No-2-part-1-rel+1-quant-some;OP_IS_NOUNS_PREP;Cultural-On;Yes-No-2-part-1-rel+1-quant-some.csv;yn2p1r_1_qs;is_noun_prep;24248
[X] SubclassOf([prop] some [Y]);CulturalInstituteOrSite SubclassOf(hasCISType some CISType);Does [X] [prop/*OP_HAS_NOUNS-infinitive] that is some [Y]?;Does a cultural institute or site have a type that is some cultural institute or site type?;op_Yes-No-2-part-1-rel+1-quant-some;OP_HAS_NOUNS;Cultural-On;Yes-No-2-part-1-rel+1-quant-some.csv;yn2p1r_1_qs;has_nouns;24183
[X] SubclassOf([prop] some [Y]);NameInTime SubclassOf(isValidDuring some TimeInterval);True or false: [X] is [prop/*OP_IS_NOUNS_PREP] some [Y].;True or false: A name in time is a valid during some time interval.;op_Yes-No-2-part-1-rel+1-quant-some;OP_IS_NOUNS_PREP;Cultural-On;Yes-No-2-part-1-rel+1-quant-some.csv;yn2p1r_1_qs;is_noun_prep;24254
[X] SubclassOf([Y]);ThinAndCrispyBase SubclassOf(PizzaBase);What is [X]?;What is a thin and crispy base?;Definition;OP_DEFINITION;Pizza;Definition.csv;def;definition;24509
[X] SubclassOf([Y]);UnclosedPizza SubclassOf(CheeseyPizza);What is [X]?;What is an unclosed pizza?;Definition;OP_DEFINITION;Pizza;Definition.csv;def;definition;24487
[X] SubclassOf([Y]);PolloAdAstra SubclassOf(Pizza);What is [X]?;What is a pollo ad astra?;Definition;OP_DEFINITION;Pizza;Definition.csv;def;definition;24674
[X] SubclassOf([Y]);American SubclassOf(Pizza);What is [X]?;What is an american?;Definition;OP_DEFINITION;Pizza;Definition.csv;def;definition;24720
[X] SubclassOf([Y]);Soho SubclassOf(VegetarianPizzaEquivalent1);What is [X]?;What is a soho?;Definition;OP_DEFINITION;Pizza;Definition.csv;def;definition;24619
[X] SubclassOf([Y]);PeperonataTopping SubclassOf(DomainConcept);What is [X]?;What is a peperonata topping?;Definition;OP_DEFINITION;Pizza;Definition.csv;def;definition;24563
[X] SubclassOf([Y]);PizzaTopping SubclassOf(Food);What is [X]?;What is a pizza topping?;Definition;OP_DEFINITION;Pizza;Definition.csv;def;definition;24657
[X] SubclassOf([Y]);PrinceCarlo SubclassOf(NamedPizza);What is [X]?;What is a prince carlo?;Definition;OP_DEFINITION;Pizza;Definition.csv;def;definition;24316
[X] SubclassOf([Y]);AmericanHot SubclassOf(Food);What is [X]?;What is an american hot?;Definition;OP_DEFINITION;Pizza;Definition.csv;def;definition;24412
[X] SubclassOf([Y]);FourCheesesTopping SubclassOf(CheeseTopping);What is [X]?;What is a four cheeses topping?;Definition;OP_DEFINITION;Pizza;Definition.csv;def;definition;24431
[X] SubclassOf([prop] only [Y]);GreenPepperTopping SubclassOf(hasSpiciness only Spiciness);What [prop/*OP_HAS_NOUNS-nounsNoArticle] does [X] have?;What spiciness does a green pepper topping have?;op_What-1-part-1-rel;OP_HAS_NOUNS;Pizza;What-1-part-1-rel.csv;w1p1r;has_nouns;28219
[X] SubclassOf([prop] some [Y]);MeatyPizza SubclassOf(hasBase some DomainConcept);What [prop/*OP_HAS_NOUNS-nounsNoArticle] does [X] have?;What base does a meaty pizza have?;op_What-1-part-1-rel;OP_HAS_NOUNS;Pizza;What-1-part-1-rel.csv;w1p1r;has_nouns;24930
[X] SubclassOf([prop] only [Y]);Medium SubclassOf(isBaseOf only SlicedTomatoTopping);What is [X] [prop/*OP_IS_NOUNS_PREP]?;What is a medium a base of?;op_What-1-part-1-rel;OP_IS_NOUNS_PREP;Pizza;What-1-part-1-rel.csv;w1p1r;is_noun_prep;27312
[X] SubclassOf([prop] some [Y]);FruttiDiMare SubclassOf(hasIngredient some VegetarianTopping);What [prop/*OP_HAS_NOUNS-nounsNoArticle] does [X] have?;What ingredient does a frutti di mare have?;op_What-1-part-1-rel;OP_HAS_NOUNS;Pizza;What-1-part-1-rel.csv;w1p1r;has_nouns;25135
[X] SubclassOf([prop] some [Y]);TobascoPepperSauce SubclassOf(hasSpiciness some ValuePartition);What [prop/*OP_HAS_NOUNS-nounsNoArticle] does [X] have?;What spiciness does a tobasco pepper sauce topping have?;op_What-1-part-1-rel;OP_HAS_NOUNS;Pizza;What-1-part-1-rel.csv;w1p1r;has_nouns;24827
[X] SubclassOf([prop] only [Y]);Margherita SubclassOf(hasIngredient only DomainConcept);What [prop/*OP_HAS_NOUNS-nounsNoArticle] does [X] have?;What ingredient does a margherita have?;op_What-1-part-1-rel;OP_HAS_NOUNS;Pizza;What-1-part-1-rel.csv;w1p1r;has_nouns;28622
[X] SubclassOf([prop] only [Y]);Spiciness SubclassOf(isBaseOf only SundriedTomatoTopping);What is [X] [prop/*OP_IS_NOUNS_PREP]?;What is a spiciness a base of?;op_What-1-part-1-rel;OP_IS_NOUNS_PREP;Pizza;What-1-part-1-rel.csv;w1p1r;is_noun_prep;25550
[X] SubclassOf([prop] only [Y]);SweetPepperTopping SubclassOf(hasIngredient only Food);What [prop/*OP_HAS_NOUNS-nounsNoArticle] does [X] have?;What ingredient does a sweet pepper topping have?;op_What-1-part-1-rel;OP_HAS_NOUNS;Pizza;What-1-part-1-rel.csv;w1p1r;has_nouns;28135
[X] SubclassOf([prop] only [Y]);RealItalianPizza SubclassOf(isIngredientOf only DomainConcept);What is [X] [prop/*OP_IS_NOUNS_PREP]?;What is a real italian pizza an ingredient of?;op_What-1-part-1-rel;OP_IS_NOUNS_PREP;Pizza;What-1-part-1-rel.csv;w1p1r;is_noun_prep;27585
[X] SubclassOf([prop] only [Y]);Hot SubclassOf(isBaseOf only SultanaTopping);What is [X] [prop/*OP_IS_NOUNS_PREP]?;What is a hot a base of?;op_What-1-part-1-rel;OP_IS_NOUNS_PREP;Pizza;What-1-part-1-rel.csv;w1p1r;is_noun_prep;26968
[Z] SubclassOf([X]),[Z] SubclassOf([prop] only [Y]);NamedPizza SubclassOf(hasIngredient only DomainConcept),NamedPizza SubclassOf(DomainConcept);Which [X/noArticle] [prop/*OP_HAS_NOUNS-third] that is [Y]?;Which domain thing has an ingredient that is a domain thing?;op_What-2-part-1-rel;OP_HAS_NOUNS;Pizza;What-2-part-1-rel.csv;w2p1r;has_nouns;37388
[Z] SubclassOf([X]),[Z] SubclassOf([prop] some [Y]);FourSeasons SubclassOf(hasIngredient some AnchoviesTopping),FourSeasons SubclassOf(InterestingPizza);Which [X/noArticle] [prop/*OP_HAS_NOUNS-third] that is [Y]?;Which interesting pizza has an ingredient that is an anchovies topping?;op_What-2-part-1-rel;OP_HAS_NOUNS;Pizza;What-2-part-1-rel.csv;w2p1r;has_nouns;32489
[Z] SubclassOf([X]),[Z] SubclassOf([prop] only [Y]);Giardiniera SubclassOf(hasSpiciness only Spiciness),Giardiniera SubclassOf(DomainConcept);Which [X/noArticle] [prop/*OP_HAS_NOUNS-third] that is [Y]?;Which domain thing has a spiciness that is a spiciness?;op_What-2-part-1-rel;OP_HAS_NOUNS;Pizza;What-2-part-1-rel.csv;w2p1r;has_nouns;36444
[Z] SubclassOf([X]),[Z] SubclassOf([prop] only [Y]);SpicyPizzaEquivalent SubclassOf(hasIngredient only Food),SpicyPizzaEquivalent SubclassOf(Food);Which [X/noArticle] [prop/*OP_HAS_NOUNS-third] that is [Y]?;Which food has an ingredient that is food?;op_What-2-part-1-rel;OP_HAS_NOUNS;Pizza;What-2-part-1-rel.csv;w2p1r;has_nouns;36806
[Z] SubclassOf([X]),[Z] SubclassOf([prop] only [Y]);Spiciness SubclassOf(isBaseOf only Food),Spiciness SubclassOf(ValuePartition);Which [X/noArticle] is [prop/*OP_IS_NOUNS_PREP] [Y]?;Which value partition is a base of food?;op_What-2-part-1-rel;OP_IS_NOUNS_PREP;Pizza;What-2-part-1-rel.csv;w2p1r;is_noun_prep;38672
[Z] SubclassOf([X]),[Z] SubclassOf([prop] some [Y]);AmericanHot SubclassOf(hasIngredient some TomatoTopping),AmericanHot SubclassOf(NamedPizza);Which [X/noArticle] [prop/*OP_HAS_NOUNS-third] that is [Y]?;Which named pizza has an ingredient that is a tomato topping?;op_What-2-part-1-rel;OP_HAS_NOUNS;Pizza;What-2-part-1-rel.csv;w2p1r;has_nouns;30520
[Z] SubclassOf([X]),[Z] SubclassOf([prop] some [Y]);NamedPizza SubclassOf(hasBase some PizzaBase),NamedPizza SubclassOf(DomainConcept);Which [X/noArticle] [prop/*OP_HAS_NOUNS-third] that is [Y]?;Which domain thing has a base that is a pizza base?;op_What-2-part-1-rel;OP_HAS_NOUNS;Pizza;What-2-part-1-rel.csv;w2p1r;has_nouns;32383
[Z] SubclassOf([X]),[Z] SubclassOf([prop] only [Y]);PrawnsTopping SubclassOf(isToppingOf only Food),PrawnsTopping SubclassOf(FishTopping);Which [X/noArticle] is [prop/*OP_IS_NOUNS_PREP] [Y]?;Which seafood topping is a topping of food?;op_What-2-part-1-rel;OP_IS_NOUNS_PREP;Pizza;What-2-part-1-rel.csv;w2p1r;is_noun_prep;39139
[Z] SubclassOf([X]),[Z] SubclassOf([prop] only [Y]);SpicyTopping SubclassOf(isToppingOf only Pizza),SpicyTopping SubclassOf(Food);Which [X/noArticle] is [prop/*OP_IS_NOUNS_PREP] [Y]?;Which food is a topping of a pizza?;op_What-2-part-1-rel;OP_IS_NOUNS_PREP;Pizza;What-2-part-1-rel.csv;w2p1r;is_noun_prep;41760
[Z] SubclassOf([X]),[Z] SubclassOf([prop] some [Y]);FruttiDiMare SubclassOf(hasBase some PizzaBase),FruttiDiMare SubclassOf(NamedPizza);Which [X/noArticle] [prop/*OP_HAS_NOUNS-third] that is [Y]?;Which named pizza has a base that is a pizza base?;op_What-2-part-1-rel;OP_HAS_NOUNS;Pizza;What-2-part-1-rel.csv;w2p1r;has_nouns;31936
[Z] SubclassOf([X]),[Z] SubclassOf([prop] only [Y]);Parmense SubclassOf(hasSpiciness only Spiciness),Parmense SubclassOf(MeatyPizza);Which [X/noArticle] [prop/*OP_HAS_NOUNS-third] that is only [Y]?;Which meaty pizza has a spiciness that is only a spiciness?;op_What-2-part-1-rel-quant-only;OP_HAS_NOUNS;Pizza;What-2-part-1-rel-quant-only.csv;w2p1r_qo;has_nouns;47116
[Z] SubclassOf([X]),[Z] SubclassOf([prop] only [Y]);MixedSeafoodTopping SubclassOf(hasSpiciness only Spiciness),MixedSeafoodTopping SubclassOf(Food);Which [X/noArticle] [prop/*OP_HAS_NOUNS-third] that is only [Y]?;Which food has a spiciness that is only a spiciness?;op_What-2-part-1-rel-quant-only;OP_HAS_NOUNS;Pizza;What-2-part-1-rel-quant-only.csv;w2p1r_qo;has_nouns;45433
[Z] SubclassOf([X]),[Z] SubclassOf([prop] only [Y]);Hot SubclassOf(hasBase only ValuePartition),Hot SubclassOf(ValuePartition);Which [X/noArticle] [prop/*OP_HAS_NOUNS-third] that is only [Y]?;Which value partition has a base that is only a value partition?;op_What-2-part-1-rel-quant-only;OP_HAS_NOUNS;Pizza;What-2-part-1-rel-quant-only.csv;w2p1r_qo;has_nouns;48271
[Z] SubclassOf([X]),[Z] SubclassOf([prop] only [Y]);Mild SubclassOf(isToppingOf only PizzaTopping),Mild SubclassOf(ValuePartition);Which [X/noArticle] is [prop/*OP_IS_NOUNS_PREP] only [Y]?;Which value partition is a topping of only a pizza topping?;op_What-2-part-1-rel-quant-only;OP_IS_NOUNS_PREP;Pizza;What-2-part-1-rel-quant-only.csv;w2p1r_qo;is_noun_prep;52385
[Z] SubclassOf([X]),[Z] SubclassOf([prop] only [Y]);HotSpicedBeefTopping SubclassOf(isToppingOf only Pizza),HotSpicedBeefTopping SubclassOf(SpicyTopping);Which [X/noArticle] is [prop/*OP_IS_NOUNS_PREP] only [Y]?;Which spicy topping is a topping of only a pizza?;op_What-2-part-1-rel-quant-only;OP_IS_NOUNS_PREP;Pizza;What-2-part-1-rel-quant-only.csv;w2p1r_qo;is_noun_prep;50936
[Z] SubclassOf([X]),[Z] SubclassOf([prop] only [Y]);Medium SubclassOf(hasBase only DomainConcept),Medium SubclassOf(Spiciness);Which [X/noArticle] [prop/*OP_HAS_NOUNS-third] that is only [Y]?;Which spiciness has a base that is only a domain thing?;op_What-2-part-1-rel-quant-only;OP_HAS_NOUNS;Pizza;What-2-part-1-rel-quant-only.csv;w2p1r_qo;has_nouns;48611
[Z] SubclassOf([X]),[Z] SubclassOf([prop] only [Y]);American SubclassOf(hasSpiciness only Spiciness),American SubclassOf(InterestingPizza);Which [X/noArticle] [prop/*OP_HAS_NOUNS-third] that is only [Y]?;Which interesting pizza has a spiciness that is only a spiciness?;op_What-2-part-1-rel-quant-only;OP_HAS_NOUNS;Pizza;What-2-part-1-rel-quant-only.csv;w2p1r_qo;has_nouns;49383
[Z] SubclassOf([X]),[Z] SubclassOf([prop] only [Y]);Napoletana SubclassOf(hasIngredient only Food),Napoletana SubclassOf(ThinAndCrispyPizza);Which [X/noArticle] [prop/*OP_HAS_NOUNS-third] that is only [Y]?;Which thin and crispy pizza has an ingredient that is only food?;op_What-2-part-1-rel-quant-only;OP_HAS_NOUNS;Pizza;What-2-part-1-rel-quant-only.csv;w2p1r_qo;has_nouns;45511
[Z] SubclassOf([X]),[Z] SubclassOf([prop] only [Y]);MeatyPizza SubclassOf(isToppingOf only Food),MeatyPizza SubclassOf(Food);Which [X/noArticle] is [prop/*OP_IS_NOUNS_PREP] only [Y]?;Which food is a topping of only food?;op_What-2-part-1-rel-quant-only;OP_IS_NOUNS_PREP;Pizza;What-2-part-1-rel-quant-only.csv;w2p1r_qo;is_noun_prep;51439
[Z] SubclassOf([X]),[Z] SubclassOf([prop] only [Y]);Spiciness SubclassOf(isIngredientOf only QuattroFormaggi),Spiciness SubclassOf(ValuePartition);Which [X/noArticle] is [prop/*OP_IS_NOUNS_PREP] only [Y]?;Which value partition is an ingredient of only a quattro formaggi?;op_What-2-part-1-rel-quant-only;OP_IS_NOUNS_PREP;Pizza;What-2-part-1-rel-quant-only.csv;w2p1r_qo;is_noun_prep;49880
[Z] SubclassOf([X]),[Z] SubclassOf([prop] some [Y]);NonVegetarianPizza SubclassOf(hasIngredient some PizzaBase),NonVegetarianPizza SubclassOf(Food);Which [X/noArticle] [prop/*OP_HAS_NOUNS-third] that is some [Y]?;Which food has an ingredient that is some pizza base?;op_What-2-part-1-rel-quant-some;OP_HAS_NOUNS;Pizza;What-2-part-1-rel-quant-some.csv;w2p1r_qs;has_nouns;57365
[Z] SubclassOf([X]),[Z] SubclassOf([prop] some [Y]);UnclosedPizza SubclassOf(hasBase some DomainConcept),UnclosedPizza SubclassOf(CheeseyPizza);Which [X/noArticle] [prop/*OP_HAS_NOUNS-third] that is some [Y]?;Which cheesy pizza has a base that is some domain thing?;op_What-2-part-1-rel-quant-some;OP_HAS_NOUNS;Pizza;What-2-part-1-rel-quant-some.csv;w2p1r_qs;has_nouns;57451
[Z] SubclassOf([X]),[Z] SubclassOf([prop] some [Y]);Parmense SubclassOf(hasBase some PizzaBase),Parmense SubclassOf(CheeseyPizza);Which [X/noArticle] [prop/*OP_HAS_NOUNS-third] that is some [Y]?;Which cheesy pizza has a base that is some pizza base?;op_What-2-part-1-rel-quant-some;OP_HAS_NOUNS;Pizza;What-2-part-1-rel-quant-some.csv;w2p1r_qs;has_nouns;57633
[Z] SubclassOf([X]),[Z] SubclassOf([prop] some [Y]);Giardiniera SubclassOf(hasIngredient some VegetarianTopping),Giardiniera SubclassOf(InterestingPizza);Which [X/noArticle] [prop/*OP_HAS_NOUNS-third] that is some [Y]?;Which interesting pizza has an ingredient that is some vegetarian topping?;op_What-2-part-1-rel-quant-some;OP_HAS_NOUNS;Pizza;What-2-part-1-rel-quant-some.csv;w2p1r_qs;has_nouns;58234
[Z] SubclassOf([X]),[Z] SubclassOf([prop] some [Y]);AmericanHot SubclassOf(hasIngredient some GreenPepperTopping),AmericanHot SubclassOf(Food);Which [X/noArticle] [prop/*OP_HAS_NOUNS-third] that is some [Y]?;Which food has an ingredient that is some green pepper topping?;op_What-2-part-1-rel-quant-some;OP_HAS_NOUNS;Pizza;What-2-part-1-rel-quant-some.csv;w2p1r_qs;has_nouns;56834
[Z] SubclassOf([X]),[Z] SubclassOf([prop] some [Y]);Giardiniera SubclassOf(hasIngredient some MushroomTopping),Giardiniera SubclassOf(InterestingPizza);Which [X/noArticle] [prop/*OP_HAS_NOUNS-third] that is some [Y]?;Which interesting pizza has an ingredient that is some mushroom topping?;op_What-2-part-1-rel-quant-some;OP_HAS_NOUNS;Pizza;What-2-part-1-rel-quant-some.csv;w2p1r_qs;has_nouns;58224
[Z] SubclassOf([X]),[Z] SubclassOf([prop] some [Y]);CajunSpiceTopping SubclassOf(hasSpiciness some Hot),CajunSpiceTopping SubclassOf(DomainConcept);Which [X/noArticle] [prop/*OP_HAS_NOUNS-third] that is some [Y]?;Which domain thing has a spiciness that is some hot?;op_What-2-part-1-rel-quant-some;OP_HAS_NOUNS;Pizza;What-2-part-1-rel-quant-some.csv;w2p1r_qs;has_nouns;57685
[Z] SubclassOf([X]),[Z] SubclassOf([prop] some [Y]);AmericanHot SubclassOf(hasBase some DomainConcept),AmericanHot SubclassOf(InterestingPizza);Which [X/noArticle] [prop/*OP_HAS_NOUNS-third] that is some [Y]?;Which interesting pizza has a base that is some domain thing?;op_What-2-part-1-rel-quant-some;OP_HAS_NOUNS;Pizza;What-2-part-1-rel-quant-some.csv;w2p1r_qs;has_nouns;56911
[Z] SubclassOf([X]),[Z] SubclassOf([prop] some [Y]);AnchoviesTopping SubclassOf(hasSpiciness some ValuePartition),AnchoviesTopping SubclassOf(FishTopping);Which [X/noArticle] [prop/*OP_HAS_NOUNS-third] that is some [Y]?;Which seafood topping has a spiciness that is some value partition?;op_What-2-part-1-rel-quant-some;OP_HAS_NOUNS;Pizza;What-2-part-1-rel-quant-some.csv;w2p1r_qs;has_nouns;56233
[Z] SubclassOf([X]),[Z] SubclassOf([prop] some [Y]);American SubclassOf(hasIngredient some TomatoTopping),American SubclassOf(Food);Which [X/noArticle] [prop/*OP_HAS_NOUNS-third] that is some [Y]?;Which food has an ingredient that is some tomato topping?;op_What-2-part-1-rel-quant-some;OP_HAS_NOUNS;Pizza;What-2-part-1-rel-quant-some.csv;w2p1r_qs;has_nouns;59401
[X] SubclassOf([prop] only [Y]);Hot SubclassOf(hasIngredient only Napoletana);Does [X] [prop/*OP_HAS_NOUNS-infinitive] that is [Y]?;Does a hot have an ingredient that is a napoletana?;op_Yes-No-2-part-1-rel;OP_HAS_NOUNS;Pizza;Yes-No-2-part-1-rel.csv;yn2p1r;has_nouns;63060
[X] SubclassOf([prop] only [Y]);Spiciness SubclassOf(isBaseOf only Medium);True or false: [X] is [prop/*OP_IS_NOUNS_PREP] [Y].;True or false: A spiciness is a base of a medium.;op_Yes-No-2-part-1-rel;OP_IS_NOUNS_PREP;Pizza;Yes-No-2-part-1-rel.csv;yn2p1r;is_noun_prep;71448
[X] SubclassOf([prop] only [Y]);Hot SubclassOf(hasIngredient only PineKernels);True or false: [X] [prop/*OP_HAS_NOUNS-third] that is [Y].;True or false: A hot has an ingredient that is a pine kernel topping.;op_Yes-No-2-part-1-rel;OP_HAS_NOUNS;Pizza;Yes-No-2-part-1-rel.csv;yn2p1r;has_nouns;66464
[X] SubclassOf([prop] only [Y]);Mild SubclassOf(isToppingOf only Soho);[X] is [prop/*OP_IS_NOUNS_PREP] [Y]. True or false?;A mild is a topping of a soho. True or false?;op_Yes-No-2-part-1-rel;OP_IS_NOUNS_PREP;Pizza;Yes-No-2-part-1-rel.csv;yn2p1r;is_noun_prep;70090
[X] SubclassOf([prop] only [Y]);Mild SubclassOf(isToppingOf only Pizza);Is [X] [prop/*OP_IS_NOUNS_PREP] [Y]?;Is a mild a topping of a pizza?;op_Yes-No-2-part-1-rel;OP_IS_NOUNS_PREP;Pizza;Yes-No-2-part-1-rel.csv;yn2p1r;is_noun_prep;67835
[X] SubclassOf([prop] only [Y]);Medium SubclassOf(isIngredientOf only LeekTopping);Is [X] [prop/*OP_IS_NOUNS_PREP] [Y]?;Is a medium an ingredient of a leek topping?;op_Yes-No-2-part-1-rel;OP_IS_NOUNS_PREP;Pizza;Yes-No-2-part-1-rel.csv;yn2p1r;is_noun_prep;68865
[X] SubclassOf([prop] only [Y]);Spiciness SubclassOf(hasIngredient only PrawnsTopping);True or false: [X] [prop/*OP_HAS_NOUNS-third] that is [Y].;True or false: A spiciness has an ingredient that is a prawns topping.;op_Yes-No-2-part-1-rel;OP_HAS_NOUNS;Pizza;Yes-No-2-part-1-rel.csv;yn2p1r;has_nouns;65256
[X] SubclassOf([prop] some [Y]);QuattroFormaggi SubclassOf(hasIngredient some DomainConcept);True or false: [X] [prop/*OP_HAS_NOUNS-third] that is [Y].;True or false: A quattro formaggi has an ingredient that is a domain thing.;op_Yes-No-2-part-1-rel;OP_HAS_NOUNS;Pizza;Yes-No-2-part-1-rel.csv;yn2p1r;has_nouns;61220
[X] SubclassOf([prop] some [Y]);AnchoviesTopping SubclassOf(hasSpiciness some ValuePartition);True or false: [X] [prop/*OP_HAS_NOUNS-third] that is [Y].;True or false: An anchovies topping has a spiciness that is a value partition.;op_Yes-No-2-part-1-rel;OP_HAS_NOUNS;Pizza;Yes-No-2-part-1-rel.csv;yn2p1r;has_nouns;61276
[X] SubclassOf([prop] only [Y]);Spiciness SubclassOf(hasIngredient only MeatTopping);True or false: [X] [prop/*OP_HAS_NOUNS-third] that is [Y].;True or false: A spiciness has an ingredient that is meat topping.;op_Yes-No-2-part-1-rel;OP_HAS_NOUNS;Pizza;Yes-No-2-part-1-rel.csv;yn2p1r;has_nouns;65262
[X] SubclassOf([prop] only [Y]);Mild SubclassOf(hasIngredient only Country);Does [X] [prop/*OP_HAS_NOUNS-infinitive] that is only [Y]?;Does a mild have an ingredient that is only a country?;op_Yes-No-2-part-1-rel+1-quant-only;OP_HAS_NOUNS;Pizza;Yes-No-2-part-1-rel+1-quant-only.csv;yn2p1r1_1_qo;has_nouns;74430
[X] SubclassOf([prop] only [Y]);Medium SubclassOf(hasBase only Hot);[X] [prop/*OP_HAS_NOUNS-third] that is only [Y]. True or false?;A medium has a base that is only a hot. True or false?;op_Yes-No-2-part-1-rel+1-quant-only;OP_HAS_NOUNS;Pizza;Yes-No-2-part-1-rel+1-quant-only.csv;yn2p1r1_1_qo;has_nouns;76593
[X] SubclassOf([prop] only [Y]);Spiciness SubclassOf(isIngredientOf only CheeseyPizza);Is [X] [prop/*OP_IS_NOUNS_PREP] only [Y]?;Is a spiciness an ingredient of only a cheesy pizza?;op_Yes-No-2-part-1-rel+1-quant-only;OP_IS_NOUNS_PREP;Pizza;Yes-No-2-part-1-rel+1-quant-only.csv;yn2p1r1_1_qo;is_noun_prep;78769
[X] SubclassOf([prop] only [Y]);Medium SubclassOf(isBaseOf only ChickenTopping);Is [X] [prop/*OP_IS_NOUNS_PREP] only [Y]?;Is a medium a base of only a chicken topping?;op_Yes-No-2-part-1-rel+1-quant-only;OP_IS_NOUNS_PREP;Pizza;Yes-No-2-part-1-rel+1-quant-only.csv;yn2p1r1_1_qo;is_noun_prep;80473
[X] SubclassOf([prop] only [Y]);ValuePartition SubclassOf(hasBase only American);Does [X] [prop/*OP_HAS_NOUNS-infinitive] that is only [Y]?;Does a value partition have a base that is only an american?;op_Yes-No-2-part-1-rel+1-quant-only;OP_HAS_NOUNS;Pizza;Yes-No-2-part-1-rel+1-quant-only.csv;yn2p1r1_1_qo;has_nouns;73859
[X] SubclassOf([prop] only [Y]);Hot SubclassOf(isToppingOf only Parmense);Is [X] [prop/*OP_IS_NOUNS_PREP] only [Y]?;Is a hot a topping of only a parmense?;op_Yes-No-2-part-1-rel+1-quant-only;OP_IS_NOUNS_PREP;Pizza;Yes-No-2-part-1-rel+1-quant-only.csv;yn2p1r1_1_qo;is_noun_prep;80031
[X] SubclassOf([prop] only [Y]);ValuePartition SubclassOf(isIngredientOf only SlicedTomatoTopping);True or false: [X] is [prop/*OP_IS_NOUNS_PREP] only [Y].;True or false: A value partition is an ingredient of only a sliced tomato topping.;op_Yes-No-2-part-1-rel+1-quant-only;OP_IS_NOUNS_PREP;Pizza;Yes-No-2-part-1-rel+1-quant-only.csv;yn2p1r1_1_qo;is_noun_prep;83566
[X] SubclassOf([prop] only [Y]);NonVegetarianPizza SubclassOf(hasBase only PizzaBase);Does [X] [prop/*OP_HAS_NOUNS-infinitive] that is only [Y]?;Does a non vegetarian pizza have a base that is only a pizza base?;op_Yes-No-2-part-1-rel+1-quant-only;OP_HAS_NOUNS;Pizza;Yes-No-2-part-1-rel+1-quant-only.csv;yn2p1r1_1_qo;has_nouns;74172
[X] SubclassOf([prop] only [Y]);Hot SubclassOf(hasIngredient only ParmesanTopping);True or false: [X] [prop/*OP_HAS_NOUNS-third] that is only [Y].;True or false: A hot has an ingredient that is only a parmezan topping.;op_Yes-No-2-part-1-rel+1-quant-only;OP_HAS_NOUNS;Pizza;Yes-No-2-part-1-rel+1-quant-only.csv;yn2p1r1_1_qo;has_nouns;78104
[X] SubclassOf([prop] only [Y]);Mild SubclassOf(isBaseOf only Parmense);Is [X] [prop/*OP_IS_NOUNS_PREP] only [Y]?;Is a mild a base of only a parmense?;op_Yes-No-2-part-1-rel+1-quant-only;OP_IS_NOUNS_PREP;Pizza;Yes-No-2-part-1-rel+1-quant-only.csv;yn2p1r1_1_qo;is_noun_prep;79627
[X] SubclassOf([prop] some [Y]);FruttiDiMare SubclassOf(hasIngredient some TomatoTopping);[X] [prop/*OP_HAS_NOUNS-third] that is some [Y]. True or false?;A frutti di mare has an ingredient that is some tomato topping. True or false?;op_Yes-No-2-part-1-rel+1-quant-some;OP_HAS_NOUNS;Pizza;Yes-No-2-part-1-rel+1-quant-some.csv;yn2p1r_1_qs;has_nouns;86138
[X] SubclassOf([prop] some [Y]);CheeseyPizza SubclassOf(hasBase some DomainConcept);[X] [prop/*OP_HAS_NOUNS-third] that is some [Y]. True or false?;A cheesy pizza has a base that is some domain thing. True or false?;op_Yes-No-2-part-1-rel+1-quant-some;OP_HAS_NOUNS;Pizza;Yes-No-2-part-1-rel+1-quant-some.csv;yn2p1r_1_qs;has_nouns;86205
[X] SubclassOf([prop] some [Y]);PrinceCarlo SubclassOf(hasIngredient some PizzaTopping);[X] [prop/*OP_HAS_NOUNS-third] that is some [Y]. True or false?;A prince carlo has an ingredient that is some pizza topping. True or false?;op_Yes-No-2-part-1-rel+1-quant-some;OP_HAS_NOUNS;Pizza;Yes-No-2-part-1-rel+1-quant-some.csv;yn2p1r_1_qs;has_nouns;85823
[X] SubclassOf([prop] some [Y]);PrawnsTopping SubclassOf(hasSpiciness some Mild);True or false: [X] [prop/*OP_HAS_NOUNS-third] that is some [Y].;True or false: A prawns topping has a spiciness that is some mild.;op_Yes-No-2-part-1-rel+1-quant-some;OP_HAS_NOUNS;Pizza;Yes-No-2-part-1-rel+1-quant-some.csv;yn2p1r_1_qs;has_nouns;86402
[X] SubclassOf([prop] some [Y]);PolloAdAstra SubclassOf(hasIngredient some PizzaTopping);True or false: [X] [prop/*OP_HAS_NOUNS-third] that is some [Y].;True or false: A pollo ad astra has an ingredient that is some pizza topping.;op_Yes-No-2-part-1-rel+1-quant-some;OP_HAS_NOUNS;Pizza;Yes-No-2-part-1-rel+1-quant-some.csv;yn2p1r_1_qs;has_nouns;86865
[X] SubclassOf([prop] some [Y]);RealItalianPizza SubclassOf(hasBase some DomainConcept);Does [X] [prop/*OP_HAS_NOUNS-infinitive] that is some [Y]?;Does a real italian pizza have a base that is some domain thing?;op_Yes-No-2-part-1-rel+1-quant-some;OP_HAS_NOUNS;Pizza;Yes-No-2-part-1-rel+1-quant-some.csv;yn2p1r_1_qs;has_nouns;85763
[X] SubclassOf([prop] some [Y]);SundriedTomatoTopping SubclassOf(hasSpiciness some Mild);True or false: [X] [prop/*OP_HAS_NOUNS-third] that is some [Y].;True or false: A sundried tomato topping has a spiciness that is some mild.;op_Yes-No-2-part-1-rel+1-quant-some;OP_HAS_NOUNS;Pizza;Yes-No-2-part-1-rel+1-quant-some.csv;yn2p1r_1_qs;has_nouns;86871
[X] SubclassOf([prop] some [Y]);Napoletana SubclassOf(hasIngredient some DomainConcept);[X] [prop/*OP_HAS_NOUNS-third] that is some [Y]. True or false?;A napoletana has an ingredient that is some domain thing. True or false?;op_Yes-No-2-part-1-rel+1-quant-some;OP_HAS_NOUNS;Pizza;Yes-No-2-part-1-rel+1-quant-some.csv;yn2p1r_1_qs;has_nouns;85859
[X] SubclassOf([prop] some [Y]);MozzarellaTopping SubclassOf(hasSpiciness some Spiciness);True or false: [X] [prop/*OP_HAS_NOUNS-third] that is some [Y].;True or false: A mozzarella topping has a spiciness that is some spiciness.;op_Yes-No-2-part-1-rel+1-quant-some;OP_HAS_NOUNS;Pizza;Yes-No-2-part-1-rel+1-quant-some.csv;yn2p1r_1_qs;has_nouns;86723
[X] SubclassOf([prop] some [Y]);HotGreenPepperTopping SubclassOf(hasSpiciness some Spiciness);Does [X] [prop/*OP_HAS_NOUNS-infinitive] that is some [Y]?;Does a hot green pepper topping have a spiciness that is some spiciness?;op_Yes-No-2-part-1-rel+1-quant-some;OP_HAS_NOUNS;Pizza;Yes-No-2-part-1-rel+1-quant-some.csv;yn2p1r_1_qs;has_nouns;85682
[X] SubclassOf([Y]);SolidSol SubclassOf(Stuff);What is [X]?;What is a solid sol?;Definition;OP_DEFINITION;Stuff;Definition.csv;def;definition;87109
[X] SubclassOf([Y]);Liquid SubclassOf(State);What is [X]?;What is being a liquid?;Definition;OP_DEFINITION;Stuff;Definition.csv;def;definition;87123
[X] SubclassOf([Y]);Paste SubclassOf(MixedStuff);What is [X]?;What is a paste?;Definition;OP_DEFINITION;Stuff;Definition.csv;def;definition;87100
[X] SubclassOf([Y]);LiquidAerosol SubclassOf(PhysicalEndurant);What is [X]?;What is a liquid aerosol?;Definition;OP_DEFINITION;Stuff;Definition.csv;def;definition;86990
[X] SubclassOf([Y]);ContinuousMedium SubclassOf(Role);What is [X]?;What is a continuous medium?;Definition;OP_DEFINITION;Stuff;Definition.csv;def;definition;87033
[X] SubclassOf([Y]);Sol SubclassOf(HomogeneousMixture);What is [X]?;What is a sol?;Definition;OP_DEFINITION;Stuff;Definition.csv;def;definition;86997
[X] SubclassOf([Y]);PureStuff SubclassOf(PhysicalEndurant);What is [X]?;What is pure stuff?;Definition;OP_DEFINITION;Stuff;Definition.csv;def;definition;87091
[X] SubclassOf([Y]);Bulk SubclassOf(Stuff);What is [X]?;What is a bulk?;Definition;OP_DEFINITION;Stuff;Definition.csv;def;definition;87044
[X] SubclassOf([Y]);MicellarColloid SubclassOf(MixedStuff);What is [X]?;What is a micellar colloid?;Definition;OP_DEFINITION;Stuff;Definition.csv;def;definition;87019
[X] SubclassOf([Y]);Paste SubclassOf(Suspension);What is [X]?;What is a paste?;Definition;OP_DEFINITION;Stuff;Definition.csv;def;definition;87102
[X] SubclassOf([prop] only [Y]);Abstract SubclassOf(hasScatterStuffPart only ContinuousMedium);What [prop/*OP_HAS_NOUNS-nounsNoArticle] does [X] have?;What scatter stuff part does an abstract have?;op_What-1-part-1-rel;OP_HAS_NOUNS;Stuff;What-1-part-1-rel.csv;w1p1r;has_nouns;102349
[X] SubclassOf([prop] only [Y]);Paste SubclassOf(inheresIn only Paste);What does [X] [prop/*OP_VERB_PREP-infinitive]?;What does a paste inhere in?;op_What-1-part-1-rel;OP_VERB_PREP;Stuff;What-1-part-1-rel.csv;w1p1r;verb_prep;90125
[X] SubclassOf([prop] only [Y]);Abstract SubclassOf(contiguousPortion only Liquid);What [prop/*OP_HAS_NOUNS-nounsNoArticle] does [X] have?;What contiguous portion does an abstract have?;op_What-1-part-1-rel;OP_HAS_NOUNS;Stuff;What-1-part-1-rel.csv;w1p1r;has_nouns;102139
[X] SubclassOf([prop] only [Y]);Quality SubclassOf(hasPartStuff only State);What [prop/*OP_HAS_NOUNS-nounsNoArticle] does [X] have?;What part stuff does quality have?;op_What-1-part-1-rel;OP_HAS_NOUNS;Stuff;What-1-part-1-rel.csv;w1p1r;has_nouns;109707
[X] SubclassOf([prop] only [Y]);ContinuousMedium SubclassOf(hasContainedScatteredPortion only UnevenDistribution);What [prop/*OP_HAS_NOUNS-nounsNoArticle] does [X] have?;What contained scattered portion does a continuous medium have?;op_What-1-part-1-rel;OP_HAS_NOUNS;Stuff;What-1-part-1-rel.csv;w1p1r;has_nouns;105196
[X] SubclassOf([prop] only [Y]);UnevenDistribution SubclassOf(scatteredPortionOf only Region);What is [X] [prop/*OP_IS_NOUNS_PREP]?;What is uneven distribution a scattered portion of?;op_What-1-part-1-rel;OP_IS_NOUNS_PREP;Stuff;What-1-part-1-rel.csv;w1p1r;is_noun_prep;91610
[X] SubclassOf([prop] only [Y]);Gas SubclassOf(scatteredPortionOf only LeastPortion);What is [X] [prop/*OP_IS_NOUNS_PREP]?;What is being gas a scattered portion of?;op_What-1-part-1-rel;OP_IS_NOUNS_PREP;Stuff;What-1-part-1-rel.csv;w1p1r;is_noun_prep;95279
[X] SubclassOf([prop] only [Y]);EvenDistribution SubclassOf(instantiation only Drop);What [prop/*OP_HAS_NOUNS-nounsNoArticle] does [X] have?;What instantiation does an even distribution have?;op_What-1-part-1-rel;OP_HAS_NOUNS;Stuff;What-1-part-1-rel.csv;w1p1r;has_nouns;99766
[X] SubclassOf([prop] only [Y]);LeastPortion SubclassOf(hasQuale only PhysicalEndurant);What [prop/*OP_HAS_NOUNS-nounsNoArticle] does [X] have?;What quale does a least portion have?;op_What-1-part-1-rel;OP_HAS_NOUNS;Stuff;What-1-part-1-rel.csv;w1p1r;has_nouns;104622
[X] SubclassOf([prop] some [Y]);Foam SubclassOf(hasPartStuff some Stuff);What [prop/*OP_HAS_NOUNS-nounsNoArticle] does [X] have?;What part stuff does a foam have?;op_What-1-part-1-rel;OP_HAS_NOUNS;Stuff;What-1-part-1-rel.csv;w1p1r;has_nouns;87357
[Z] SubclassOf([X]),[Z] SubclassOf([prop] only [Y]);Ion SubclassOf(hasScatterStuffPart only Solid),Ion SubclassOf(Endurant);Which [X/noArticle] [prop/*OP_HAS_NOUNS-third] that is [Y]?;Which endurant has a scatter stuff part that is being a solid?;op_What-2-part-1-rel;OP_HAS_NOUNS;Stuff;What-2-part-1-rel.csv;w2p1r;has_nouns;140792
[Z] SubclassOf([X]),[Z] SubclassOf([prop] only [Y]);DispersedPhase SubclassOf(hasState only PureStuff),DispersedPhase SubclassOf(Role);Which [X/noArticle] [prop/*OP_HAS_NOUNS-third] that is [Y]?;Which role has a state that is pure stuff?;op_What-2-part-1-rel;OP_HAS_NOUNS;Stuff;What-2-part-1-rel.csv;w2p1r;has_nouns;128418
[Z] SubclassOf([X]),[Z] SubclassOf([prop] only [Y]);Gas SubclassOf(hasContainedScatteredPortion only DispersionColloid),Gas SubclassOf(State);Which [X/noArticle] [prop/*OP_HAS_NOUNS-third] that is [Y]?;Which state has a contained scattered portion that is a dispersion colloid?;op_What-2-part-1-rel;OP_HAS_NOUNS;Stuff;What-2-part-1-rel.csv;w2p1r;has_nouns;159075
[Z] SubclassOf([X]),[Z] SubclassOf([prop] only [Y]);NumberOfPhases SubclassOf(hasContainedScatteredPortion only LeastPortion),NumberOfPhases SubclassOf(Abstract);Which [X/noArticle] [prop/*OP_HAS_NOUNS-third] that is [Y]?;Which abstract has a contained scattered portion that is a least portion?;op_What-2-part-1-rel;OP_HAS_NOUNS;Stuff;What-2-part-1-rel.csv;w2p1r;has_nouns;150771
[Z] SubclassOf([X]),[Z] SubclassOf([prop] only [Y]);NumberOfPhases SubclassOf(hasPartStuff only Endurant),NumberOfPhases SubclassOf(Region);Which [X/noArticle] [prop/*OP_HAS_NOUNS-third] that is [Y]?;Which region has part stuff that is an endurant?;op_What-2-part-1-rel;OP_HAS_NOUNS;Stuff;What-2-part-1-rel.csv;w2p1r;has_nouns;151258
[Z] SubclassOf([X]),[Z] SubclassOf([prop] only [Y]);Sol SubclassOf(hasQuale only Atom),Sol SubclassOf(PhysicalEndurant);Which [X/noArticle] [prop/*OP_HAS_NOUNS-third] that is [Y]?;Which physical endurant has a quale that is an atom?;op_What-2-part-1-rel;OP_HAS_NOUNS;Stuff;What-2-part-1-rel.csv;w2p1r;has_nouns;139040
[Z] SubclassOf([X]),[Z] SubclassOf([prop] only [Y]);Gas SubclassOf(scatteredPortionOf only SolidSol),Gas SubclassOf(StuffState);Which [X/noArticle] is [prop/*OP_IS_NOUNS_PREP] [Y]?;Which stuff state is a scattered portion of a solid sol?;op_What-2-part-1-rel;OP_IS_NOUNS_PREP;Stuff;What-2-part-1-rel.csv;w2p1r;is_noun_prep;183563
[Z] SubclassOf([X]),[Z] SubclassOf([prop] only [Y]);EvenDistribution SubclassOf(contiguousPortion only Container),EvenDistribution SubclassOf(Region);Which [X/noArticle] [prop/*OP_HAS_NOUNS-third] that is [Y]?;Which region contiguouses portion that is a container?;op_What-2-part-1-rel;OP_HAS_NOUNS;Stuff;What-2-part-1-rel.csv;w2p1r;has_nouns;137478
[Z] SubclassOf([X]),[Z] SubclassOf([prop] only [Y]);Distribution SubclassOf(contiguousPortion only Paste),Distribution SubclassOf(Quality);Which [X/noArticle] [prop/*OP_HAS_NOUNS-third] that is [Y]?;Which quality contiguouses portion that is a paste?;op_What-2-part-1-rel;OP_HAS_NOUNS;Stuff;What-2-part-1-rel.csv;w2p1r;has_nouns;135686
[Z] SubclassOf([X]),[Z] SubclassOf([prop] only [Y]);StuffRole SubclassOf(hasGranuleType only StuffState),StuffRole SubclassOf(Role);Which [X/noArticle] [prop/*OP_HAS_NOUNS-third] that is [Y]?;Which role has a granule type that is stuffing state?;op_What-2-part-1-rel;OP_HAS_NOUNS;Stuff;What-2-part-1-rel.csv;w2p1r;has_nouns;164625
[Z] SubclassOf([X]),[Z] SubclassOf([prop] only [Y]);SolidAerosol SubclassOf(inheresIn only Suspension),SolidAerosol SubclassOf(Stuff);Which [X/noArticle] [prop/*OP_VERB_PREP-third] only [Y]?;Which stuff inheres in only a suspension?;op_What-2-part-1-rel-quant-only;OP_VERB_PREP;Stuff;What-2-part-1-rel-quant-only.csv;w2p1r_qo;verb_prep;198385
[Z] SubclassOf([X]),[Z] SubclassOf([prop] only [Y]);Solid SubclassOf(isContiguousPortionOf only Role),Solid SubclassOf(State);Which [X/noArticle] is [prop/*OP_IS_NOUNS_PREP] only [Y]?;Which state is a contiguous portion of only a role?;op_What-2-part-1-rel-quant-only;OP_IS_NOUNS_PREP;Stuff;What-2-part-1-rel-quant-only.csv;w2p1r_qo;is_noun_prep;253320
[Z] SubclassOf([X]),[Z] SubclassOf([prop] only [Y]);AbstractRegion SubclassOf(hasQuality only Solvent),AbstractRegion SubclassOf(Abstract);Which [X/noArticle] [prop/*OP_HAS_NOUNS-third] that is only [Y]?;Which abstract has quality that is only a solvent?;op_What-2-part-1-rel-quant-only;OP_HAS_NOUNS;Stuff;What-2-part-1-rel-quant-only.csv;w2p1r_qo;has_nouns;229926
[Z] SubclassOf([X]),[Z] SubclassOf([prop] only [Y]);State SubclassOf(isContiguousPortionOf only StructuredPureStuff),State SubclassOf(Perdurant);Which [X/noArticle] is [prop/*OP_IS_NOUNS_PREP] only [Y]?;Which perdurant is a contiguous portion of only structured pure stuff?;op_What-2-part-1-rel-quant-only;OP_IS_NOUNS_PREP;Stuff;What-2-part-1-rel-quant-only.csv;w2p1r_qo;is_noun_prep;248807
[Z] SubclassOf([X]),[Z] SubclassOf([prop] only [Y]);Lump SubclassOf(hasQuale only SolidHeterogeneousMixture),Lump SubclassOf(Piece);Which [X/noArticle] [prop/*OP_HAS_NOUNS-third] that is only [Y]?;Which piece has a quale that is only a solid heterogeneous mixture?;op_What-2-part-1-rel-quant-only;OP_HAS_NOUNS;Stuff;What-2-part-1-rel-quant-only.csv;w2p1r_qo;has_nouns;211894
[Z] SubclassOf([X]),[Z] SubclassOf([prop] only [Y]);StuffState SubclassOf(hasContainedScatteredPortion only State),StuffState SubclassOf(State);Which [X/noArticle] [prop/*OP_HAS_NOUNS-third] that is only [Y]?;Which state has a contained scattered portion that is only stating?;op_What-2-part-1-rel-quant-only;OP_HAS_NOUNS;Stuff;What-2-part-1-rel-quant-only.csv;w2p1r_qo;has_nouns;233127
[Z] SubclassOf([X]),[Z] SubclassOf([prop] only [Y]);Bulk SubclassOf(inheresIn only UnevenDistribution),Bulk SubclassOf(Stuff);Which [X/noArticle] [prop/*OP_VERB_PREP-third] only [Y]?;Which stuff inheres in only uneven distribution?;op_What-2-part-1-rel-quant-only;OP_VERB_PREP;Stuff;What-2-part-1-rel-quant-only.csv;w2p1r_qo;verb_prep;192803
[Z] SubclassOf([X]),[Z] SubclassOf([prop] only [Y]);StuffRole SubclassOf(scatteredStuffPartOf only Lump),StuffRole SubclassOf(Endurant);Which [X/noArticle] is [prop/*OP_IS_NOUNS_PREP] only [Y]?;Which endurant is scattered stuff part of only a lump?;op_What-2-part-1-rel-quant-only;OP_IS_NOUNS_PREP;Stuff;What-2-part-1-rel-quant-only.csv;w2p1r_qo;is_noun_prep;256942
[Z] SubclassOf([X]),[Z] SubclassOf([prop] only [Y]);ContinuousMedium SubclassOf(hasQuale only AbstractRegion),ContinuousMedium SubclassOf(Endurant);Which [X/noArticle] [prop/*OP_HAS_NOUNS-third] that is only [Y]?;Which endurant has a quale that is only an abstract region?;op_What-2-part-1-rel-quant-only;OP_HAS_NOUNS;Stuff;What-2-part-1-rel-quant-only.csv;w2p1r_qo;has_nouns;220367
[Z] SubclassOf([X]),[Z] SubclassOf([prop] only [Y]);Role SubclassOf(hasPortion only Colloid),Role SubclassOf(Endurant);Which [X/noArticle] [prop/*OP_HAS_NOUNS-third] that is only [Y]?;Which endurant has a portion that is only a colloid?;op_What-2-part-1-rel-quant-only;OP_HAS_NOUNS;Stuff;What-2-part-1-rel-quant-only.csv;w2p1r_qo;has_nouns;217409
[Z] SubclassOf([X]),[Z] SubclassOf([prop] some [Y]);Piece SubclassOf(portionOf some AmountOfStuff),Piece SubclassOf(AmountOfStuff);Which [X/noArticle] is [prop/*OP_IS_NOUNS_PREP] some [Y]?;Which amount of stuff is a portion of some amount of stuff?;op_What-2-part-1-rel-quant-some;OP_IS_NOUNS_PREP;Stuff;What-2-part-1-rel-quant-some.csv;w2p1r_qs;is_noun_prep;261465
[Z] SubclassOf([X]),[Z] SubclassOf([prop] some [Y]);Foam SubclassOf(hasPart some Stuff),Foam SubclassOf(HomogeneousMixture);Which [X/noArticle] [prop/*OP_HAS_NOUNS-third] that is some [Y]?;Which homogeneous mixture has part that is some stuff?;op_What-2-part-1-rel-quant-some;OP_HAS_NOUNS;Stuff;What-2-part-1-rel-quant-some.csv;w2p1r_qs;has_nouns;260325
[Z] SubclassOf([X]),[Z] SubclassOf([prop] some [Y]);Bulk SubclassOf(hasPartStuff some Stuff),Bulk SubclassOf(Endurant);Which [X/noArticle] [prop/*OP_HAS_NOUNS-third] that is some [Y]?;Which endurant has part stuff that is some stuff?;op_What-2-part-1-rel-quant-some;OP_HAS_NOUNS;Stuff;What-2-part-1-rel-quant-some.csv;w2p1r_qs;has_nouns;260061
[Z] SubclassOf([X]),[Z] SubclassOf([prop] some [Y]);SolidHeterogeneousMixture SubclassOf(hasProperPart some Stuff),SolidHeterogeneousMixture SubclassOf(Stuff);Which [X/noArticle] [prop/*OP_HAS_NOUNS-third] that is some [Y]?;Which stuff has proper part that is some stuff?;op_What-2-part-1-rel-quant-some;OP_HAS_NOUNS;Stuff;What-2-part-1-rel-quant-some.csv;w2p1r_qs;has_nouns;259692
[Z] SubclassOf([X]),[Z] SubclassOf([prop] some [Y]);SolidHeterogeneousMixture SubclassOf(hasPart some Stuff),SolidHeterogeneousMixture SubclassOf(PhysicalEndurant);Which [X/noArticle] [prop/*OP_HAS_NOUNS-third] that is some [Y]?;Which physical endurant has part that is some stuff?;op_What-2-part-1-rel-quant-some;OP_HAS_NOUNS;Stuff;What-2-part-1-rel-quant-some.csv;w2p1r_qs;has_nouns;259769
[Z] SubclassOf([X]),[Z] SubclassOf([prop] some [Y]);AssociationalColloid SubclassOf(hasStuffDistribution some Region),AssociationalColloid SubclassOf(Endurant);Which [X/noArticle] [prop/*OP_HAS_NOUNS-third] that is some [Y]?;Which endurant has stuff distribution that is some region?;op_What-2-part-1-rel-quant-some;OP_HAS_NOUNS;Stuff;What-2-part-1-rel-quant-some.csv;w2p1r_qs;has_nouns;259423
[Z] SubclassOf([X]),[Z] SubclassOf([prop] some [Y]);StuffRole SubclassOf(inheresIn some Endurant),StuffRole SubclassOf(Endurant);Which [X/noArticle] [prop/*OP_VERB_PREP-third] some [Y]?;Which endurant inheres in some endurant?;op_What-2-part-1-rel-quant-some;OP_VERB_PREP;Stuff;What-2-part-1-rel-quant-some.csv;w2p1r_qs;verb_prep;259297
[Z] SubclassOf([X]),[Z] SubclassOf([prop] some [Y]);UnstructuredPureStuff SubclassOf(hasPart some Stuff),UnstructuredPureStuff SubclassOf(PhysicalEndurant);Which [X/noArticle] [prop/*OP_HAS_NOUNS-third] that is some [Y]?;Which physical endurant has part that is some stuff?;op_What-2-part-1-rel-quant-some;OP_HAS_NOUNS;Stuff;What-2-part-1-rel-quant-some.csv;w2p1r_qs;has_nouns;260272
[Z] SubclassOf([X]),[Z] SubclassOf([prop] some [Y]);Bulk SubclassOf(hasPartStuff some PhysicalEndurant),Bulk SubclassOf(Endurant);Which [X/noArticle] [prop/*OP_HAS_NOUNS-third] that is some [Y]?;Which endurant has part stuff that is some physical endurant?;op_What-2-part-1-rel-quant-some;OP_HAS_NOUNS;Stuff;What-2-part-1-rel-quant-some.csv;w2p1r_qs;has_nouns;260063
[Z] SubclassOf([X]),[Z] SubclassOf([prop] some [Y]);LiquidAerosol SubclassOf(hasPartStuff some Endurant),LiquidAerosol SubclassOf(MixedStuff);Which [X/noArticle] [prop/*OP_HAS_NOUNS-third] that is some [Y]?;Which mixed stuff has part stuff that is some endurant?;op_What-2-part-1-rel-quant-some;OP_HAS_NOUNS;Stuff;What-2-part-1-rel-quant-some.csv;w2p1r_qs;has_nouns;259544
[X] SubclassOf([prop] only [Y]);Bulk SubclassOf(hasPortion only PhysicalEndurant);[X] [prop/*OP_HAS_NOUNS-third] that is [Y]. True or false?;A bulk has a portion that is a physical endurant. True or false?;op_Yes-No-2-part-1-rel;OP_HAS_NOUNS;Stuff;Yes-No-2-part-1-rel.csv;yn2p1r;has_nouns;300511
[X] SubclassOf([prop] only [Y]);Solute SubclassOf(portionOf only HeterogeneousMixture);Is [X] [prop/*OP_IS_NOUNS_PREP] [Y]?;Is a solute a portion of a heterogeneous mixture?;op_Yes-No-2-part-1-rel;OP_IS_NOUNS_PREP;Stuff;Yes-No-2-part-1-rel.csv;yn2p1r;is_noun_prep;329312
[X] SubclassOf([prop] only [Y]);State SubclassOf(scatteredStuffPartOf only AmountOfStuff);[X] is [prop/*OP_IS_NOUNS_PREP] [Y]. True or false?;Stating is scattered stuff part of an amount of stuff. True or false?;op_Yes-No-2-part-1-rel;OP_IS_NOUNS_PREP;Stuff;Yes-No-2-part-1-rel.csv;yn2p1r;is_noun_prep;333131
[X] SubclassOf([prop] only [Y]);Molecule SubclassOf(hasQuale only HomogeneousMixture);True or false: [X] [prop/*OP_HAS_NOUNS-third] that is [Y].;True or false: A molecule has a quale that is a homogeneous mixture.;op_Yes-No-2-part-1-rel;OP_HAS_NOUNS;Stuff;Yes-No-2-part-1-rel.csv;yn2p1r;has_nouns;308417
[X] SubclassOf([prop] only [Y]);Region SubclassOf(scatteredPortionOf only DispersionColloid);True or false: [X] is [prop/*OP_IS_NOUNS_PREP] [Y].;True or false: A region is a scattered portion of a dispersion colloid.;op_Yes-No-2-part-1-rel;OP_IS_NOUNS_PREP;Stuff;Yes-No-2-part-1-rel.csv;yn2p1r;is_noun_prep;341218
[X] SubclassOf([prop] only [Y]);Drop SubclassOf(hasQuale only SolidFoam);True or false: [X] [prop/*OP_HAS_NOUNS-third] that is [Y].;True or false: A drop has a quale that is a solid foam.;op_Yes-No-2-part-1-rel;OP_HAS_NOUNS;Stuff;Yes-No-2-part-1-rel.csv;yn2p1r;has_nouns;311561
[X] SubclassOf([prop] only [Y]);Ion SubclassOf(inheresIn only State);[X] [prop/*OP_VERB_PREP-third] [Y]. True or false?;An ion inheres in stating. True or false?;op_Yes-No-2-part-1-rel;OP_VERB_PREP;Stuff;Yes-No-2-part-1-rel.csv;yn2p1r;verb_prep;267221
[X] SubclassOf([prop] only [Y]);Ion SubclassOf(hasPortion only Atom);[X] [prop/*OP_HAS_NOUNS-third] that is [Y]. True or false?;An ion has a portion that is an atom. True or false?;op_Yes-No-2-part-1-rel;OP_HAS_NOUNS;Stuff;Yes-No-2-part-1-rel.csv;yn2p1r;has_nouns;295418
[X] SubclassOf([prop] only [Y]);ContinuousMedium SubclassOf(hasGranuleType only Sol);Does [X] [prop/*OP_HAS_NOUNS-infinitive] that is [Y]?;Does a continuous medium have a granule type that is a sol?;op_Yes-No-2-part-1-rel;OP_HAS_NOUNS;Stuff;Yes-No-2-part-1-rel.csv;yn2p1r;has_nouns;282018
[X] SubclassOf([prop] only [Y]);State SubclassOf(inheresIn only Portion);True or false: [X] [prop/*OP_VERB_PREP-third] [Y].;True or false: Stating inheres in a portion.;op_Yes-No-2-part-1-rel;OP_VERB_PREP;Stuff;Yes-No-2-part-1-rel.csv;yn2p1r;verb_prep;270623
[X] SubclassOf([prop] only [Y]);Region SubclassOf(hasContainedScatteredPortion only MicellarColloid);Does [X] [prop/*OP_HAS_NOUNS-infinitive] that is only [Y]?;Does a region have a contained scattered portion that is only a micellar colloid?;op_Yes-No-2-part-1-rel+1-quant-only;OP_HAS_NOUNS;Stuff;Yes-No-2-part-1-rel+1-quant-only.csv;yn2p1r1_1_qo;has_nouns;363055
[X] SubclassOf([prop] only [Y]);Solid SubclassOf(scatteredPortionOf only Region);Is [X] [prop/*OP_IS_NOUNS_PREP] only [Y]?;Is being a solid a scattered portion of only a region?;op_Yes-No-2-part-1-rel+1-quant-only;OP_IS_NOUNS_PREP;Stuff;Yes-No-2-part-1-rel+1-quant-only.csv;yn2p1r1_1_qo;is_noun_prep;410501
[X] SubclassOf([prop] only [Y]);Abstract SubclassOf(isContiguousPortionOf only StuffState);[X] is [prop/*OP_IS_NOUNS_PREP] only [Y]. True or false?;An abstract is a contiguous portion of only stuffing state. True or false?;op_Yes-No-2-part-1-rel+1-quant-only;OP_IS_NOUNS_PREP;Stuff;Yes-No-2-part-1-rel+1-quant-only.csv;yn2p1r1_1_qo;is_noun_prep;415331
[X] SubclassOf([prop] only [Y]);SolidAerosol SubclassOf(inheresIn only MicellarColloid);True or false: [X] [prop/*OP_VERB_PREP-third] only [Y].;True or false: A solid aerosol inheres in only a micellar colloid.;op_Yes-No-2-part-1-rel+1-quant-only;OP_VERB_PREP;Stuff;Yes-No-2-part-1-rel+1-quant-only.csv;yn2p1r1_1_qo;verb_prep;354272
[X] SubclassOf([prop] only [Y]);Drop SubclassOf(hasQuale only EvenDistribution);[X] [prop/*OP_HAS_NOUNS-third] that is only [Y]. True or false?;A drop has a quale that is only an even distribution. True or false?;op_Yes-No-2-part-1-rel+1-quant-only;OP_HAS_NOUNS;Stuff;Yes-No-2-part-1-rel+1-quant-only.csv;yn2p1r1_1_qo;has_nouns;375773
[X] SubclassOf([prop] only [Y]);Distribution SubclassOf(contiguousPortion only AbstractRegion);True or false: [X] [prop/*OP_HAS_NOUNS-third] that is only [Y].;True or false: Distribution contiguouses portion that is only an abstract region.;op_Yes-No-2-part-1-rel+1-quant-only;OP_HAS_NOUNS;Stuff;Yes-No-2-part-1-rel+1-quant-only.csv;yn2p1r1_1_qo;has_nouns;391767
[X] SubclassOf([prop] only [Y]);UnevenDistribution SubclassOf(instantiation only HeterogeneousMixture);[X] [prop/*OP_HAS_NOUNS-third] that is only [Y]. True or false?;Uneven distribution instantiations that is only a heterogeneous mixture. True or false?;op_Yes-No-2-part-1-rel+1-quant-only;OP_HAS_NOUNS;Stuff;Yes-No-2-part-1-rel+1-quant-only.csv;yn2p1r1_1_qo;has_nouns;374010
[X] SubclassOf([prop] only [Y]);Gel SubclassOf(hasQuale only DispersionColloid);[X] [prop/*OP_HAS_NOUNS-third] that is only [Y]. True or false?;A gel has a quale that is only a dispersion colloid. True or false?;op_Yes-No-2-part-1-rel+1-quant-only;OP_HAS_NOUNS;Stuff;Yes-No-2-part-1-rel+1-quant-only.csv;yn2p1r1_1_qo;has_nouns;385973
[X] SubclassOf([prop] only [Y]);AbstractRegion SubclassOf(hasGranuleType only Portion);True or false: [X] [prop/*OP_HAS_NOUNS-third] that is only [Y].;True or false: An abstract region has a granule type that is only a portion.;op_Yes-No-2-part-1-rel+1-quant-only;OP_HAS_NOUNS;Stuff;Yes-No-2-part-1-rel+1-quant-only.csv;yn2p1r1_1_qo;has_nouns;401009
[X] SubclassOf([prop] only [Y]);Abstract SubclassOf(hasScatterStuffPart only Bulk);[X] [prop/*OP_HAS_NOUNS-third] that is only [Y]. True or false?;An abstract has a scatter stuff part that is only a bulk. True or false?;op_Yes-No-2-part-1-rel+1-quant-only;OP_HAS_NOUNS;Stuff;Yes-No-2-part-1-rel+1-quant-only.csv;yn2p1r1_1_qo;has_nouns;378045
[X] SubclassOf([prop] some [Y]);Bulk SubclassOf(hasPartStuff some PhysicalEndurant);Does [X] [prop/*OP_HAS_NOUNS-infinitive] that is some [Y]?;Does a bulk have part stuff that is some physical endurant?;op_Yes-No-2-part-1-rel+1-quant-some;OP_HAS_NOUNS;Stuff;Yes-No-2-part-1-rel+1-quant-some.csv;yn2p1r_1_qs;has_nouns;426179
[X] SubclassOf([prop] some [Y]);AssociationalColloid SubclassOf(hasPartStuff some PhysicalEndurant);True or false: [X] [prop/*OP_HAS_NOUNS-third] that is some [Y].;True or false: An associational colloid has part stuff that is some physical endurant.;op_Yes-No-2-part-1-rel+1-quant-some;OP_HAS_NOUNS;Stuff;Yes-No-2-part-1-rel+1-quant-some.csv;yn2p1r_1_qs;has_nouns;426819
[X] SubclassOf([prop] some [Y]);UnstructuredPureStuff SubclassOf(hasStuffDistribution some Region);[X] [prop/*OP_HAS_NOUNS-third] that is some [Y]. True or false?;Unstructured pure stuff has stuff distribution that is some region. True or false?;op_Yes-No-2-part-1-rel+1-quant-some;OP_HAS_NOUNS;Stuff;Yes-No-2-part-1-rel+1-quant-some.csv;yn2p1r_1_qs;has_nouns;426604
[X] SubclassOf([prop] some [Y]);Paste SubclassOf(hasPart some Endurant);[X] [prop/*OP_HAS_NOUNS-third] that is some [Y]. True or false?;A paste has part that is some endurant. True or false?;op_Yes-No-2-part-1-rel+1-quant-some;OP_HAS_NOUNS;Stuff;Yes-No-2-part-1-rel+1-quant-some.csv;yn2p1r_1_qs;has_nouns;426701
[X] SubclassOf([prop] some [Y]);PureBulk SubclassOf(hasPartStuff some PhysicalEndurant);Does [X] [prop/*OP_HAS_NOUNS-infinitive] that is some [Y]?;Does a pure bulk have part stuff that is some physical endurant?;op_Yes-No-2-part-1-rel+1-quant-some;OP_HAS_NOUNS;Stuff;Yes-No-2-part-1-rel+1-quant-some.csv;yn2p1r_1_qs;has_nouns;426372
[X] SubclassOf([prop] some [Y]);Slice SubclassOf(scatteredPortionOf some PhysicalEndurant);Is [X] [prop/*OP_IS_NOUNS_PREP] some [Y]?;Is a slice a scattered portion of some physical endurant?;op_Yes-No-2-part-1-rel+1-quant-some;OP_IS_NOUNS_PREP;Stuff;Yes-No-2-part-1-rel+1-quant-some.csv;yn2p1r_1_qs;is_noun_prep;427228
[X] SubclassOf([prop] some [Y]);Gel SubclassOf(hasStuffDistribution some Region);[X] [prop/*OP_HAS_NOUNS-third] that is some [Y]. True or false?;A gel has stuff distribution that is some region. True or false?;op_Yes-No-2-part-1-rel+1-quant-some;OP_HAS_NOUNS;Stuff;Yes-No-2-part-1-rel+1-quant-some.csv;yn2p1r_1_qs;has_nouns;426632
[X] SubclassOf([prop] some [Y]);StructuredPureStuff SubclassOf(hasPartStuff some PhysicalEndurant);[X] [prop/*OP_HAS_NOUNS-third] that is some [Y]. True or false?;Structured pure stuff has part stuff that is some physical endurant. True or false?;op_Yes-No-2-part-1-rel+1-quant-some;OP_HAS_NOUNS;Stuff;Yes-No-2-part-1-rel+1-quant-some.csv;yn2p1r_1_qs;has_nouns;426539
[X] SubclassOf([prop] some [Y]);Piece SubclassOf(properPartOf some AmountOfStuff);Is [X] [prop/*OP_IS_NOUNS_PREP] some [Y]?;Is a piece proper part of some amount of stuff?;op_Yes-No-2-part-1-rel+1-quant-some;OP_IS_NOUNS_PREP;Stuff;Yes-No-2-part-1-rel+1-quant-some.csv;yn2p1r_1_qs;is_noun_prep;427212
[X] SubclassOf([prop] some [Y]);Solution SubclassOf(hasPart some PhysicalEndurant);[X] [prop/*OP_HAS_NOUNS-third] that is some [Y]. True or false?;A solution has part that is some physical endurant. True or false?;op_Yes-No-2-part-1-rel+1-quant-some;OP_HAS_NOUNS;Stuff;Yes-No-2-part-1-rel+1-quant-some.csv;yn2p1r_1_qs;has_nouns;426593
[Z] SubclassOf([X]),[Z] SubclassOf([prop] some [Y]);NonspecificPronoun SubclassOf(LinguisticConcept),NonspecificPronoun SubclassOf(hasSpecificity some Nonspecific);Which [X/noArticle] [prop/*OP_HAS_NOUNS-third] that is [Y]?;Which linguistic concept has a specificity that is a nonspecific?;op_What-2-part-1-rel;OP_HAS_NOUNS;olia;What-2-part-1-rel.csv;w2p1r;has_nouns;427386
[Z] SubclassOf([X]),[Z] SubclassOf([prop] some [Y]);hasWordConjunct SubclassOf(hasConjunct),hasWordConjunct SubclassOf(hasChild some Token);Which [X/noArticle] [prop/*OP_HAS_NOUNS-third] that is [Y]?;Which has conjunct has a child that is a token?;op_What-2-part-1-rel;OP_HAS_NOUNS;olia;What-2-part-1-rel.csv;w2p1r;has_nouns;427393
[Z] SubclassOf([X]),[Z] SubclassOf([prop] some [Y]);hasConjunct SubclassOf(Relation),hasConjunct SubclassOf(hasParent some CoordinatingConjunction);Which [X/noArticle] [prop/*OP_HAS_NOUNS-third] that is [Y]?;Which dependency relation has a parent that is a non initial coordinating conjunction?;op_What-2-part-1-rel;OP_HAS_NOUNS;olia;What-2-part-1-rel.csv;w2p1r;has_nouns;427390
[Z] SubclassOf([X]),[Z] SubclassOf([prop] some [Y]);hasWordConjunct SubclassOf(LinguisticAnnotation),hasWordConjunct SubclassOf(hasChild some Token);Which [X/noArticle] [prop/*OP_HAS_NOUNS-third] that is [Y]?;Which linguistic annotation has a child that is a token?;op_What-2-part-1-rel;OP_HAS_NOUNS;olia;What-2-part-1-rel.csv;w2p1r;has_nouns;427396
[Z] SubclassOf([X]),[Z] SubclassOf([prop] some [Y]);hasConjunct SubclassOf(SyntacticRelation),hasConjunct SubclassOf(hasParent some CoordinatingConjunction);Which [X/noArticle] [prop/*OP_HAS_NOUNS-third] that is [Y]?;Which syntactic relation has a parent that is a non initial coordinating conjunction?;op_What-2-part-1-rel;OP_HAS_NOUNS;olia;What-2-part-1-rel.csv;w2p1r;has_nouns;427389
[Z] SubclassOf([X]),[Z] SubclassOf([prop] some [Y]);ImpersonalVerb SubclassOf(LinguisticConcept),ImpersonalVerb SubclassOf(hasSemanticValency some Atransitive);Which [X/noArticle] [prop/*OP_HAS_NOUNS-third] that is [Y]?;Which linguistic concept has a semantic valency that is an atransitive?;op_What-2-part-1-rel;OP_HAS_NOUNS;olia;What-2-part-1-rel.csv;w2p1r;has_nouns;427379
[Z] SubclassOf([X]),[Z] SubclassOf([prop] some [Y]);NonspecificPronoun SubclassOf(LinguisticAnnotation),NonspecificPronoun SubclassOf(hasSpecificity some Nonspecific);Which [X/noArticle] [prop/*OP_HAS_NOUNS-third] that is [Y]?;Which linguistic annotation has a specificity that is a nonspecific?;op_What-2-part-1-rel;OP_HAS_NOUNS;olia;What-2-part-1-rel.csv;w2p1r;has_nouns;427388
[Z] SubclassOf([X]),[Z] SubclassOf([prop] some [Y]);ImpersonalVerb SubclassOf(MorphosyntacticCategory),ImpersonalVerb SubclassOf(hasSemanticValency some Atransitive);Which [X/noArticle] [prop/*OP_HAS_NOUNS-third] that is [Y]?;Which morphosyntactic category has a semantic valency that is an atransitive?;op_What-2-part-1-rel;OP_HAS_NOUNS;olia;What-2-part-1-rel.csv;w2p1r;has_nouns;427378
[Z] SubclassOf([X]),[Z] SubclassOf([prop] some [Y]);ImpersonalVerb SubclassOf(LinguisticAnnotation),ImpersonalVerb SubclassOf(hasSemanticValency some Atransitive);Which [X/noArticle] [prop/*OP_HAS_NOUNS-third] that is [Y]?;Which linguistic annotation has a semantic valency that is an atransitive?;op_What-2-part-1-rel;OP_HAS_NOUNS;olia;What-2-part-1-rel.csv;w2p1r;has_nouns;427381
[Z] SubclassOf([X]),[Z] SubclassOf([prop] some [Y]);NonspecificPronoun SubclassOf(Pronoun),NonspecificPronoun SubclassOf(hasSpecificity some Nonspecific);Which [X/noArticle] [prop/*OP_HAS_NOUNS-third] that is [Y]?;Which attributive pronoun has a specificity that is a nonspecific?;op_What-2-part-1-rel;OP_HAS_NOUNS;olia;What-2-part-1-rel.csv;w2p1r;has_nouns;427383
[Z] SubclassOf([X]),[Z] SubclassOf([prop] some [Y]);hasWordConjunct SubclassOf(LinguisticAnnotation),hasWordConjunct SubclassOf(hasChild some Token);Which [X/noArticle] [prop/*OP_HAS_NOUNS-third] that is some [Y]?;Which linguistic annotation has a child that is some token?;op_What-2-part-1-rel-quant-some;OP_HAS_NOUNS;olia;What-2-part-1-rel-quant-some.csv;w2p1r_qs;has_nouns;427418
[Z] SubclassOf([X]),[Z] SubclassOf([prop] some [Y]);NonspecificPronoun SubclassOf(SyntacticCategory),NonspecificPronoun SubclassOf(hasSpecificity some Nonspecific);Which [X/noArticle] [prop/*OP_HAS_NOUNS-third] that is some [Y]?;Which syntactic category has a specificity that is some nonspecific?;op_What-2-part-1-rel-quant-some;OP_HAS_NOUNS;olia;What-2-part-1-rel-quant-some.csv;w2p1r_qs;has_nouns;427409
[Z] SubclassOf([X]),[Z] SubclassOf([prop] some [Y]);ImpersonalVerb SubclassOf(SyntacticCategory),ImpersonalVerb SubclassOf(hasSemanticValency some Atransitive);Which [X/noArticle] [prop/*OP_HAS_NOUNS-third] that is some [Y]?;Which syntactic category has a semantic valency that is some atransitive?;op_What-2-part-1-rel-quant-some;OP_HAS_NOUNS;olia;What-2-part-1-rel-quant-some.csv;w2p1r_qs;has_nouns;427402
[Z] SubclassOf([X]),[Z] SubclassOf([prop] some [Y]);hasConjunct SubclassOf(LinguisticConcept),hasConjunct SubclassOf(hasParent some CoordinatingConjunction);Which [X/noArticle] [prop/*OP_HAS_NOUNS-third] that is some [Y]?;Which linguistic concept has a parent that is some non initial coordinating conjunction?;op_What-2-part-1-rel-quant-some;OP_HAS_NOUNS;olia;What-2-part-1-rel-quant-some.csv;w2p1r_qs;has_nouns;427414
[Z] SubclassOf([X]),[Z] SubclassOf([prop] some [Y]);ImpersonalVerb SubclassOf(MainVerb),ImpersonalVerb SubclassOf(hasSemanticValency some Atransitive);Which [X/noArticle] [prop/*OP_HAS_NOUNS-third] that is some [Y]?;Which main verb has a semantic valency that is some atransitive?;op_What-2-part-1-rel-quant-some;OP_HAS_NOUNS;olia;What-2-part-1-rel-quant-some.csv;w2p1r_qs;has_nouns;427398
[Z] SubclassOf([X]),[Z] SubclassOf([prop] some [Y]);ImpersonalVerb SubclassOf(LinguisticConcept),ImpersonalVerb SubclassOf(hasSemanticValency some Atransitive);Which [X/noArticle] [prop/*OP_HAS_NOUNS-third] that is some [Y]?;Which linguistic concept has a semantic valency that is some atransitive?;op_What-2-part-1-rel-quant-some;OP_HAS_NOUNS;olia;What-2-part-1-rel-quant-some.csv;w2p1r_qs;has_nouns;427401
[Z] SubclassOf([X]),[Z] SubclassOf([prop] some [Y]);hasWordConjunct SubclassOf(hasConjunct),hasWordConjunct SubclassOf(hasChild some Token);Which [X/noArticle] [prop/*OP_HAS_NOUNS-third] that is some [Y]?;Which has conjunct has a child that is some token?;op_What-2-part-1-rel-quant-some;OP_HAS_NOUNS;olia;What-2-part-1-rel-quant-some.csv;w2p1r_qs;has_nouns;427415
[Z] SubclassOf([X]),[Z] SubclassOf([prop] some [Y]);ImpersonalVerb SubclassOf(MorphosyntacticCategory),ImpersonalVerb SubclassOf(hasSemanticValency some Atransitive);Which [X/noArticle] [prop/*OP_HAS_NOUNS-third] that is some [Y]?;Which morphosyntactic category has a semantic valency that is some atransitive?;op_What-2-part-1-rel-quant-some;OP_HAS_NOUNS;olia;What-2-part-1-rel-quant-some.csv;w2p1r_qs;has_nouns;427400
[Z] SubclassOf([X]),[Z] SubclassOf([prop] some [Y]);NonspecificPronoun SubclassOf(Pronoun),NonspecificPronoun SubclassOf(hasSpecificity some Nonspecific);Which [X/noArticle] [prop/*OP_HAS_NOUNS-third] that is some [Y]?;Which attributive pronoun has a specificity that is some nonspecific?;op_What-2-part-1-rel-quant-some;OP_HAS_NOUNS;olia;What-2-part-1-rel-quant-some.csv;w2p1r_qs;has_nouns;427405
[Z] SubclassOf([X]),[Z] SubclassOf([prop] some [Y]);hasWordConjunct SubclassOf(LinguisticConcept),hasWordConjunct SubclassOf(hasChild some Token);Which [X/noArticle] [prop/*OP_HAS_NOUNS-third] that is some [Y]?;Which linguistic concept has a child that is some token?;op_What-2-part-1-rel-quant-some;OP_HAS_NOUNS;olia;What-2-part-1-rel-quant-some.csv;w2p1r_qs;has_nouns;427419
[X] SubclassOf([prop] some [Y]);hasConjunct SubclassOf(hasParent some CoordinatingConjunction);Does [X] [prop/*OP_HAS_NOUNS-infinitive] that is [Y]?;Does a has conjunct have a parent that is a non initial coordinating conjunction?;op_Yes-No-2-part-1-rel;OP_HAS_NOUNS;olia;Yes-No-2-part-1-rel.csv;yn2p1r;has_nouns;427426
[X] SubclassOf([prop] some [Y]);hasConjunct SubclassOf(hasParent some CoordinatingConjunction);[X] [prop/*OP_HAS_NOUNS-third] that is [Y]. True or false?;A has conjunct has a parent that is a non initial coordinating conjunction. True or false?;op_Yes-No-2-part-1-rel;OP_HAS_NOUNS;olia;Yes-No-2-part-1-rel.csv;yn2p1r;has_nouns;427427
[X] SubclassOf([prop] some [Y]);hasWordConjunct SubclassOf(hasChild some Token);True or false: [X] [prop/*OP_HAS_NOUNS-third] that is [Y].;True or false: A has word conjunct has a child that is a token.;op_Yes-No-2-part-1-rel;OP_HAS_NOUNS;olia;Yes-No-2-part-1-rel.csv;yn2p1r;has_nouns;427431
[X] SubclassOf([prop] some [Y]);ImpersonalVerb SubclassOf(hasSemanticValency some Atransitive);[X] [prop/*OP_HAS_NOUNS-third] that is [Y]. True or false?;An impersonal verb has a semantic valency that is an atransitive. True or false?;op_Yes-No-2-part-1-rel;OP_HAS_NOUNS;olia;Yes-No-2-part-1-rel.csv;yn2p1r;has_nouns;427421
[X] SubclassOf([prop] some [Y]);NonspecificPronoun SubclassOf(hasSpecificity some Nonspecific);True or false: [X] [prop/*OP_HAS_NOUNS-third] that is [Y].;True or false: A nonspecific pronoun has a specificity that is a nonspecific.;op_Yes-No-2-part-1-rel;OP_HAS_NOUNS;olia;Yes-No-2-part-1-rel.csv;yn2p1r;has_nouns;427425
[X] SubclassOf([prop] some [Y]);hasWordConjunct SubclassOf(hasChild some Token);Does [X] [prop/*OP_HAS_NOUNS-infinitive] that is [Y]?;Does a has word conjunct have a child that is a token?;op_Yes-No-2-part-1-rel;OP_HAS_NOUNS;olia;Yes-No-2-part-1-rel.csv;yn2p1r;has_nouns;427429
[X] SubclassOf([prop] some [Y]);ImpersonalVerb SubclassOf(hasSemanticValency some Atransitive);Does [X] [prop/*OP_HAS_NOUNS-infinitive] that is [Y]?;Does an impersonal verb have a semantic valency that is an atransitive?;op_Yes-No-2-part-1-rel;OP_HAS_NOUNS;olia;Yes-No-2-part-1-rel.csv;yn2p1r;has_nouns;427420
[X] SubclassOf([prop] some [Y]);hasWordConjunct SubclassOf(hasChild some Token);[X] [prop/*OP_HAS_NOUNS-third] that is [Y]. True or false?;A has word conjunct has a child that is a token. True or false?;op_Yes-No-2-part-1-rel;OP_HAS_NOUNS;olia;Yes-No-2-part-1-rel.csv;yn2p1r;has_nouns;427430
[X] SubclassOf([prop] some [Y]);NonspecificPronoun SubclassOf(hasSpecificity some Nonspecific);[X] [prop/*OP_HAS_NOUNS-third] that is [Y]. True or false?;A nonspecific pronoun has a specificity that is a nonspecific. True or false?;op_Yes-No-2-part-1-rel;OP_HAS_NOUNS;olia;Yes-No-2-part-1-rel.csv;yn2p1r;has_nouns;427424
[X] SubclassOf([prop] some [Y]);NonspecificPronoun SubclassOf(hasSpecificity some Nonspecific);Does [X] [prop/*OP_HAS_NOUNS-infinitive] that is [Y]?;Does a nonspecific pronoun have a specificity that is a nonspecific?;op_Yes-No-2-part-1-rel;OP_HAS_NOUNS;olia;Yes-No-2-part-1-rel.csv;yn2p1r;has_nouns;427423
[X] SubclassOf([prop] some [Y]);ImpersonalVerb SubclassOf(hasSemanticValency some Atransitive);Does [X] [prop/*OP_HAS_NOUNS-infinitive] that is some [Y]?;Does an impersonal verb have a semantic valency that is some atransitive?;op_Yes-No-2-part-1-rel+1-quant-some;OP_HAS_NOUNS;olia;Yes-No-2-part-1-rel+1-quant-some.csv;yn2p1r_1_qs;has_nouns;427432
[X] SubclassOf([prop] some [Y]);hasConjunct SubclassOf(hasParent some CoordinatingConjunction);True or false: [X] [prop/*OP_HAS_NOUNS-third] that is some [Y].;True or false: A has conjunct has a parent that is some non initial coordinating conjunction.;op_Yes-No-2-part-1-rel+1-quant-some;OP_HAS_NOUNS;olia;Yes-No-2-part-1-rel+1-quant-some.csv;yn2p1r_1_qs;has_nouns;427440
[X] SubclassOf([prop] some [Y]);ImpersonalVerb SubclassOf(hasSemanticValency some Atransitive);True or false: [X] [prop/*OP_HAS_NOUNS-third] that is some [Y].;True or false: An impersonal verb has a semantic valency that is some atransitive.;op_Yes-No-2-part-1-rel+1-quant-some;OP_HAS_NOUNS;olia;Yes-No-2-part-1-rel+1-quant-some.csv;yn2p1r_1_qs;has_nouns;427434
[X] SubclassOf([prop] some [Y]);ImpersonalVerb SubclassOf(hasSemanticValency some Atransitive);[X] [prop/*OP_HAS_NOUNS-third] that is some [Y]. True or false?;An impersonal verb has a semantic valency that is some atransitive. True or false?;op_Yes-No-2-part-1-rel+1-quant-some;OP_HAS_NOUNS;olia;Yes-No-2-part-1-rel+1-quant-some.csv;yn2p1r_1_qs;has_nouns;427433
[X] SubclassOf([prop] some [Y]);hasConjunct SubclassOf(hasParent some CoordinatingConjunction);[X] [prop/*OP_HAS_NOUNS-third] that is some [Y]. True or false?;A has conjunct has a parent that is some non initial coordinating conjunction. True or false?;op_Yes-No-2-part-1-rel+1-quant-some;OP_HAS_NOUNS;olia;Yes-No-2-part-1-rel+1-quant-some.csv;yn2p1r_1_qs;has_nouns;427439
[X] SubclassOf([prop] some [Y]);hasWordConjunct SubclassOf(hasChild some Token);True or false: [X] [prop/*OP_HAS_NOUNS-third] that is some [Y].;True or false: A has word conjunct has a child that is some token.;op_Yes-No-2-part-1-rel+1-quant-some;OP_HAS_NOUNS;olia;Yes-No-2-part-1-rel+1-quant-some.csv;yn2p1r_1_qs;has_nouns;427443
[X] SubclassOf([prop] some [Y]);hasConjunct SubclassOf(hasParent some CoordinatingConjunction);Does [X] [prop/*OP_HAS_NOUNS-infinitive] that is some [Y]?;Does a has conjunct have a parent that is some non initial coordinating conjunction?;op_Yes-No-2-part-1-rel+1-quant-some;OP_HAS_NOUNS;olia;Yes-No-2-part-1-rel+1-quant-some.csv;yn2p1r_1_qs;has_nouns;427438
[X] SubclassOf([prop] some [Y]);NonspecificPronoun SubclassOf(hasSpecificity some Nonspecific);[X] [prop/*OP_HAS_NOUNS-third] that is some [Y]. True or false?;A nonspecific pronoun has a specificity that is some nonspecific. True or false?;op_Yes-No-2-part-1-rel+1-quant-some;OP_HAS_NOUNS;olia;Yes-No-2-part-1-rel+1-quant-some.csv;yn2p1r_1_qs;has_nouns;427436
[X] SubclassOf([prop] some [Y]);hasWordConjunct SubclassOf(hasChild some Token);[X] [prop/*OP_HAS_NOUNS-third] that is some [Y]. True or false?;A has word conjunct has a child that is some token. True or false?;op_Yes-No-2-part-1-rel+1-quant-some;OP_HAS_NOUNS;olia;Yes-No-2-part-1-rel+1-quant-some.csv;yn2p1r_1_qs;has_nouns;427442
[X] SubclassOf([prop] some [Y]);NonspecificPronoun SubclassOf(hasSpecificity some Nonspecific);Does [X] [prop/*OP_HAS_NOUNS-infinitive] that is some [Y]?;Does a nonspecific pronoun have a specificity that is some nonspecific?;op_Yes-No-2-part-1-rel+1-quant-some;OP_HAS_NOUNS;olia;Yes-No-2-part-1-rel+1-quant-some.csv;yn2p1r_1_qs;has_nouns;427435
